"file","class","strategy","score","code_quality","has_sl","has_tp","has_trailing","has_grid","has_martingale","has_equity_stop","has_time_filter","has_money_mgmt","indicators","timeframe","function_count","obfuscated_count"
"Adenan Scalping.mq4","C","GridMartingale","33","obfuscated","True","True","False","False","True","True","False","True","MA","Any","1","38"
"AF-Global Expert Full.mq4","B","GridMartingale","58","clean","True","True","True","True","False","True","False","False","RSI","H1","0","0"
"AF-Investing.Cv.mq4","C","GridMartingale","41","clean","False","True","False","True","False","False","True","True","RSI","Any","0","0"
"alex_v1_1.mq4","B","Scalping","51","clean","True","True","True","False","False","False","False","False","","Any","3","0"
"Algo Samurai.mq4","C","Unknown","37","clean","True","True","False","False","False","False","True","True","","Any","1","0"
"amingrid.mq4","C","GridMartingale","43","clean","True","False","False","True","False","False","False","False","MA, RSI","Any","6","0"
"another martingale fix.mq4","C","GridMartingale","46","clean","True","True","True","False","True","False","False","False","MA, RSI","Any","2","0"
"Arnold.mq4","A","MeanReversal","62","clean","True","True","True","False","False","False","False","False","MACD, RSI, Stochastic, Pivot","Any","3","0"
"AsiaScalperPro_.mq4","C","Scalping","12","obfuscated","False","True","True","False","False","False","False","False","","Any","3","37"
"ASSAR V10 Final.mq4","B","Scalping","49","clean","True","True","True","False","False","False","False","False","","Any","1","0"
"Auto Trading_v2.02.mq4","C","Trend","36","clean","False","False","False","False","False","False","False","False","MA, RSI","Any","5","0"
"BEAST SUPER SIGNAL EXPERT ADVISOR.mq4","C","Unknown","10","clean","False","False","False","False","False","False","False","False","","Any","0","0"
"Beast_EA_V4.mq4","B","GridMartingale","56","clean","True","True","True","True","True","False","True","True","RSI","Any","3","0"
"Beast_EA_V5.mq4","B","GridMartingale","56","clean","True","True","True","True","True","False","True","True","RSI","Any","3","0"
"beovb_buovb_bar.mq4","B","MeanReversal","49","clean","True","True","False","False","False","False","False","False","RSI","Any","3","0"
"Big Rise EA.mq4","C","Unknown","10","clean","False","False","False","False","False","False","False","False","","Any","0","0"
"BigRise EA.mq4","C","MeanReversal","42","clean","True","False","False","False","False","False","False","False","RSI","Any","1","0"
"Bismillah Hedge..mq4","C","Breakout","32","clean","False","False","False","False","False","False","True","False","","Any","3","0"
"Black.mq4","B","Scalping","51","clean","True","True","True","False","False","False","False","False","RSI","Any","4","0"
"Blessing 3 v3.9.6.09.mq4","B","MultiStrategy","51","clean","False","True","False","True","False","False","False","True","MA, MACD, RSI, Stochastic, CCI, Bollinger, Donchian","Any","0","0"
"BlessingLite-gamma.mq4","C","Trend","34","clean","False","False","False","False","False","False","False","False","MA, RSI","Any","0","0"
"Blessing_3_v3.9.6.18.mq4","C","MeanReversal","28","clean","False","False","False","False","False","False","False","False","RSI","Any","0","0"
"BLUE GOLD EA (FMP.SA).mq4","C","Unknown","10","clean","False","False","False","False","False","False","False","False","","Any","0","0"
"Bollinger_Bands_Exit_Strategy.mq4","C","Trend","41","clean","False","True","False","False","False","False","False","False","MA, Bollinger","Any","3","0"
"bot gold.mq4","C","Unknown","37","clean","True","True","True","False","False","False","False","False","","Any","1","0"
"Breakeven.mq4","B","Trend","48","clean","True","True","False","False","False","False","False","False","MA","Any","4","0"
"BreakOutBoxesV2.06.mq4","C","Breakout","40","clean","True","False","False","False","False","False","True","False","","Any","0","0"
"Calculate Trendline Script.mq4","C","Unknown","14","clean","False","False","False","False","False","False","False","False","","Any","2","0"
"CalendarFX-DeactivateEAs_v1.02_danEdit.mq4","C","Trend","39","clean","False","True","False","False","False","False","True","False","MA, RSI","Any","0","0"
"ClickCloseAllv01.mq4","C","MeanReversal","33","clean","False","False","False","False","False","False","False","False","RSI","Any","5","0"
"Close all positions at profit target v1.1.mq4","C","Breakout","29","clean","False","False","False","False","False","False","False","False","","Any","5","0"
"Close All.mq4","C","MeanReversal","30","clean","False","False","False","False","False","False","False","False","RSI","Any","1","0"
"Close Losses.mq4","C","MeanReversal","30","clean","False","False","False","False","False","False","False","False","RSI","Any","1","0"
"Close Open.mq4","C","MeanReversal","30","clean","False","False","False","False","False","False","False","False","RSI","Any","1","0"
"Close Pendings.mq4","C","MeanReversal","30","clean","False","False","False","False","False","False","False","False","RSI","Any","1","0"
"Close Profits.mq4","C","MeanReversal","30","clean","False","False","False","False","False","False","False","False","RSI","Any","1","0"
"CloseAfterXpips EA.mq4","C","Unknown","23","clean","False","True","False","False","False","False","False","False","","Any","7","0"
"CloseAllTrades.mq4","C","Breakout","26","clean","False","False","False","False","False","False","False","False","","Any","1","0"
"CloseAllTradesBuy.mq4","C","Unknown","14","clean","False","False","False","False","False","False","False","False","","Any","2","0"
"CloseAllTradesBuyCurrent.mq4","C","Unknown","14","clean","False","False","False","False","False","False","False","False","","Any","2","0"
"CloseAllTradesCurrent.mq4","C","Breakout","26","clean","False","False","False","False","False","False","False","False","","Any","2","0"
"CloseAllTradesOpened.mq4","C","Unknown","14","clean","False","False","False","False","False","False","False","False","","Any","2","0"
"CloseAllTradesOpenedCurrent.mq4","C","Unknown","14","clean","False","False","False","False","False","False","False","False","","Any","2","0"
"CloseAllTradesPending.mq4","C","Breakout","26","clean","False","False","False","False","False","False","False","False","","Any","2","0"
"CloseAllTradesPendingCurrent.mq4","C","Breakout","26","clean","False","False","False","False","False","False","False","False","","Any","2","0"
"CloseAllTradesSell.mq4","C","Unknown","14","clean","False","False","False","False","False","False","False","False","","Any","2","0"
"CloseAllTradesSellCurrent.mq4","C","Unknown","14","clean","False","False","False","False","False","False","False","False","","Any","2","0"
"CloseAtProfit.mq4","C","Breakout","42","clean","True","False","False","False","False","False","False","False","","Any","3","0"
"closeattime.mq4","C","Breakout","36","clean","False","True","False","False","False","False","False","False","","Any","4","0"
"closetrades_after_account_loss_toomuch.mq4","C","Unknown","19","clean","False","False","False","False","False","False","False","False","","Any","3","0"
"cm-Trade-System-201119.mq4","B","Scalping","50","clean","True","True","True","False","False","False","False","False","RSI","Any","1","0"
"CRIPTOBOT EA - New Version 8.5.7.mq4","B","Trend","54","clean","True","True","True","False","False","False","False","False","MA, MACD, RSI, Fractals","M1","1","0"
"Crypto Amazing Analysis 2.6.0.mq4","B","Trend","57","clean","True","True","True","False","False","False","False","False","MA, MACD, RSI","M1","3","0"
"CTG-Modify_Date.mq4","C","MeanReversal","33","clean","False","True","False","False","False","False","False","False","RSI","Any","1","0"
"Daily_Research.mq4","C","Unknown","19","clean","False","True","False","False","False","False","False","False","","Any","1","0"
"day open .mq4","C","MeanReversal","36","clean","False","True","False","False","False","False","False","False","RSI","D1","3","0"
"Daydream01.mq4","C","Unknown","24","clean","False","True","False","False","False","False","False","False","Donchian","Any","5","0"
"DeleteAllObjects.mq4","C","MeanReversal","33","clean","False","True","False","False","False","False","False","False","RSI","Any","1","0"
"Dope.mq4","B","Scalping","54","clean","True","True","True","False","False","False","False","False","RSI","Any","6","0"
"Dope_mod.mq4","B","Scalping","60","clean","True","True","True","False","False","False","False","False","RSI","Any","6","0"
"Dope_mod_2.mq4","B","Scalping","60","clean","True","True","True","False","False","False","False","False","RSI","Any","6","1"
"Doske_Scalping_EA_ver1.mq4","B","Scalping","59","clean","True","True","True","False","False","False","False","True","MA","Any","7","0"
"Double(Ilan1_5&Ilan1_6).mq4","B","GridMartingale","54","clean","True","True","True","True","False","True","False","False","","Any","0","0"
"Dragon Expert Advisor v4.1 updated 2019 .mq4","C","MeanReversal","37","clean","False","True","False","False","True","False","True","False","MA, RSI, CCI","Any","1","0"
"Dragon Pips v2.02 Rev.mq4","B","Trend","54","clean","True","True","False","False","False","False","False","True","MA","Any","2","0"
"Dream EA.mq4","C","Scalping","34","clean","False","False","False","False","False","False","False","False","RSI","Any","3","0"
"Dreko.mq4","C","MeanReversal","20","obfuscated","True","False","False","False","False","False","False","True","RSI","Any","0","26"
"EA - Budak Ubat v1.51.mq4","B","GridMartingale","61","clean","True","True","True","True","False","True","False","True","Donchian","Any","3","0"
"EA for Set TP-SL.mq4","C","Unknown","33","clean","True","True","False","False","False","False","False","False","","Any","3","0"
"EA Masyuk V3..mq4","B","Trend","54","clean","True","True","False","False","False","False","False","False","MA","Any","6","0"
"EA noName(1).mq4","C","GridMartingale","46","clean","True","True","True","False","True","False","False","False","MA, RSI, Fractals, Donchian","Any","0","0"
"EA Phoenix 2021.mq4","B","Scalping","54","clean","True","True","True","False","False","False","False","False","RSI","Any","7","0"
"EA Phoenix 2021_edited.mq4","B","Scalping","52","clean","True","True","True","False","False","False","False","False","","Any","7","0"
"EA Predator Pips.mq4","B","GridMartingale","49","clean","True","True","True","False","True","False","True","False","MA","Any","0","0"
"EA Profit V10.mq4","B","Scalping","61","clean","True","True","True","False","False","False","False","True","MA, RSI","H4","5","2"
"EA Pyramid 7.mq4","B","MeanReversal","52","clean","True","True","True","True","False","False","False","True","RSI, Bollinger","Any","0","0"
"EA RoboFibo v.11.2.mq4","B","GridMartingale","61","clean","True","True","True","True","False","False","False","False","MA, RSI","H1","8","0"
"EA Sarapan-Pagi_2.mq4","B","MeanReversal","50","clean","True","True","False","False","True","False","False","False","MA, RSI, Stochastic","Any","3","0"
"Ea Scalper FX Finish_.mq4","C","GridMartingale","26","obfuscated","True","False","True","True","True","True","False","False","","Any","3","29"
"EA SCALPERAUTOPILOT.mq4","B","Scalping","55","clean","True","True","True","False","False","False","False","True","MA, RSI","Any","0","0"
"EA Scalping Asia.mq4","B","Scalping","51","clean","True","True","True","False","False","False","False","False","Pivot","Any","1","0"
"EA Smart Neural V1.mq4","B","GridMartingale","49","clean","True","True","False","False","True","False","True","False","MA","Any","7","0"
"EA SPARTAN BOLT_.mq4","B","GridMartingale","58","clean","True","True","True","True","False","False","False","True","MA","Any","0","0"
"EA-2MACrossover_v1-0.mq4","B","Trend","52","clean","True","True","False","False","False","False","False","False","MA, RSI","Any","4","0"
"EA-HOKKYDJONG.mq4","C","Unknown","5","obfuscated","True","True","False","False","False","False","False","False","","Any","3","37"
"Ea-Tesshinso.mq4","B","Scalping","54","clean","True","True","True","False","False","False","False","False","RSI","Any","6","0"
"EasyRobot.mq4","B","Scalping","55","clean","True","True","True","False","False","False","False","True","RSI","Any","3","0"
"EA_Close_All_v5.mq4","C","MeanReversal","31","clean","False","False","False","False","False","False","False","False","RSI","Any","5","0"
"EA_eurusd m15.mq4","C","MeanReversal","31","clean","False","False","False","False","False","False","False","False","Stochastic","Any","4","0"
"EA_LUCRE.mq4","C","Unknown","5","obfuscated","True","True","False","False","False","False","False","False","","Any","3","34"
"EA_TheOne.mq4","C","Scalping","29","obfuscated","True","True","True","False","False","False","False","True","RSI","Any","1","27"
"Elite_eFibo_Trader_v2_1.mq4","C","Breakout","47","clean","True","True","False","False","False","False","False","False","","Any","3","0"
"engulfing EA.mq4","B","MeanReversal","49","clean","True","True","False","False","False","False","False","False","RSI","Any","3","0"
"EquityGuard1.2c.mq4","C","Trend","34","clean","False","False","False","False","False","False","False","False","MA","Any","3","0"
"Fast Scalper.mq4","C","GridMartingale","43","clean","True","False","True","True","False","False","False","False","RSI","Any","3","0"
"FEDTM Billioner.mq4","B","Scalping","48","clean","True","True","True","False","False","False","False","False","RSI","Any","1","0"
"FFCal Panel (Black).mq4","C","Trend","34","clean","False","True","False","False","False","False","False","False","MA","Any","0","0"
"FFCal.mq4","C","MeanReversal","33","clean","False","True","False","False","False","False","False","False","RSI","Any","1","0"
"FiboPivotandRSI.mq4","B","Scalping","53","clean","True","True","True","False","False","False","False","False","RSI, Pivot","Any","3","0"
"Find Data Holes.mq4","C","Unknown","19","clean","False","True","False","False","False","False","False","False","","Any","1","0"
"Firebird MC v058.mq4","B","GridMartingale","48","clean","True","True","True","True","False","False","False","False","MA, Donchian","Any","1","0"
"Firebird MC v0581.mq4","B","GridMartingale","48","clean","True","True","True","True","False","False","False","False","MA, Donchian","Any","1","0"
"Firebird MC v0582.mq4","B","GridMartingale","48","clean","True","True","True","True","False","False","False","False","MA, Donchian","Any","1","0"
"Firebird MC v0583.mq4","B","GridMartingale","48","clean","True","True","True","True","False","False","False","False","MA, Donchian","Any","1","0"
"Firebird v0.50(26JUL05).mq4","C","GridMartingale","46","clean","True","True","True","True","False","False","False","False","MA","Any","1","0"
"Firebird v0.50.mq4","C","GridMartingale","46","clean","True","True","True","True","False","False","False","False","MA","Any","1","0"
"Firebird v0.51.mq4","C","GridMartingale","46","clean","True","True","True","True","False","False","False","False","MA, Pivot","Any","1","0"
"Firebird v0.55.mq4","B","GridMartingale","48","clean","True","True","True","True","False","False","False","False","MA","Any","1","0"
"Firebird v0.57.mq4","B","GridMartingale","48","clean","True","True","True","True","False","False","False","False","MA, Donchian","Any","1","0"
"Firebird v0.63.mq4","B","GridMartingale","48","clean","True","True","True","True","False","False","False","False","MA, Donchian","Any","1","0"
"Firebird v0.64.mq4","B","GridMartingale","48","clean","True","True","True","True","False","False","False","False","MA, Donchian","Any","1","0"
"Firebird v0.65.mq4","B","GridMartingale","48","clean","True","True","True","True","False","False","False","False","MA, Donchian","Any","1","0"
"Firebird v01.57.mq4","B","GridMartingale","48","clean","True","True","True","True","False","False","False","False","MA, Donchian","Any","1","0"
"Firebird v060.mq4","B","GridMartingale","48","clean","True","True","True","True","False","False","False","False","MA, Donchian","Any","1","0"
"Firebird v065tf.mq4","B","GridMartingale","51","clean","True","True","True","True","False","False","True","False","MA, Donchian","Any","1","0"
"Firebird v0_58_JD.mq4","B","GridMartingale","48","clean","True","True","True","True","False","False","False","False","MA, Donchian","Any","1","0"
"Firebird v0_58_symbol_fix.mq4","B","GridMartingale","48","clean","True","True","True","True","False","False","False","False","MA, Donchian","Any","1","0"
"Firebird v63 TVD1.mq4","B","GridMartingale","50","clean","True","True","False","True","False","False","False","False","MA, Donchian","Any","2","0"
"Firebird v63 TVD2.mq4","B","GridMartingale","50","clean","True","True","False","True","False","False","False","False","MA, Donchian","Any","2","0"
"Firebird v63B1.mq4","B","GridMartingale","48","clean","True","True","True","True","False","False","False","False","MA, Donchian","Any","1","0"
"Firebird v63D1.mq4","B","GridMartingale","54","clean","True","True","True","True","False","False","False","False","MA, Donchian","Any","2","0"
"Firebird_v0_60_deaz1.mq4","B","GridMartingale","48","clean","True","True","True","True","False","False","False","False","MA, Donchian","Any","1","0"
"Firestats v0.5.mq4","C","Trend","34","clean","False","True","False","False","False","False","False","False","MA","Any","1","0"
"FlyBot EA 2.0.mq4","C","Scalping","34","clean","False","False","False","False","False","False","False","False","RSI","Any","3","0"
"Forex Fireball by Forex Robot Nation~.mq4","C","Unknown","9","obfuscated","True","True","False","False","False","False","False","True","","H1","0","50"
"Forex hacked Pro~.mq4","C","Scalping","26","obfuscated","True","True","True","False","False","False","False","False","MA","M1","0","45"
"Forex PiP Killer .mq4","C","Unknown","14","clean","False","False","False","False","False","False","False","False","","Any","0","0"
"Forex Robotron v1.3_fix_x.mq4","B","MeanReversal","56","clean","True","True","False","False","False","False","True","True","RSI","M1","1","1"
"Forex WINNER EA (FULL2019).mq4","A","GridMartingale","65","clean","True","True","True","True","True","True","True","False","MA, RSI","M1","3","0"
"Forex-Gold-Trader-V.2.0.mq4","C","Unknown","22","clean","False","True","False","False","False","False","False","False","","H1","2","0"
"forex50pips.mq4","C","Trend","37","clean","False","True","False","False","False","False","False","False","MA","Any","4","0"
"ForexMission.mq4","C","Trend","30","obfuscated","True","True","True","True","False","True","False","False","MA, MACD","Any","0","18"
"FoZo System.mq4","C","MeanReversal","32","clean","False","False","False","False","False","False","False","False","RSI","Any","6","0"
"Fracture-7.4.0.mq4","C","Trend","40","clean","False","False","False","False","False","False","False","False","MA, ADX, Fractals","Any","4","0"
"FreeScalper.mq4","B","Scalping","51","clean","True","True","True","False","False","False","False","False","RSI","Any","4","0"
"fx street 2.mq4","C","MeanReversal","31","clean","False","False","False","False","False","False","False","False","RSI","Any","3","0"
"FX87 code.mq4","B","Scalping","60","clean","True","True","True","False","False","False","False","False","RSI","Any","6","0"
"FXCore100.mq4","C","MeanReversal","36","clean","False","True","False","False","False","False","False","False","RSI, Stochastic","Any","1","0"
"FXMIND SCALPANDO H1 STANDARD 300$.mq4","C","GridMartingale","32","obfuscated","True","True","True","True","True","True","False","True","RSI","H1","0","38"
"FXMIND SCALPANDO H1 STANDARD.mq4","C","GridMartingale","32","obfuscated","True","True","True","True","True","True","False","True","RSI","H1","0","38"
"GEBA ROBOT.mq4","B","Trend","54","clean","True","True","False","False","False","False","False","False","MA, ADX, RSI","Any","6","0"
"GEBA ROBOT2.mq4","B","Trend","54","clean","True","True","False","False","False","False","False","False","MA, ADX, RSI","Any","6","0"
"Generic v13.20.mq4","B","MeanReversal","52","clean","True","True","True","False","True","False","False","False","MA, RSI, CCI, Bollinger, Donchian","M5","0","0"
"GOLD SMART EA 1.mq4","C","Trend","37","clean","False","True","False","False","False","False","False","False","MA","Any","4","0"
"Gold.mq4","C","MeanReversal","47","clean","True","True","False","False","False","False","False","False","RSI","Any","5","0"
"Golden Owl source code.mq4","C","GridMartingale","31","clean","False","True","False","True","True","False","True","False","MA, RSI","Any","0","0"
"Good good.mq4","C","GridMartingale","15","obfuscated","True","True","True","False","True","False","False","False","Stochastic","Any","1","13"
"GoWithFlow.mq4","B","GridMartingale","52","clean","True","True","True","True","True","False","True","False","MA","Any","3","0"
"GPSForexRobotEURGBP_edu.mq4","C","Trend","40","clean","False","True","False","False","False","False","False","True","MA","Any","2","0"
"GPSForexRobotEURUSD_edu.mq4","C","Trend","40","clean","False","True","False","False","False","False","False","True","MA","Any","2","0"
"GPSForexRobotUSDCHF_edu.mq4","C","Trend","40","clean","False","True","False","False","False","False","False","True","MA","Any","2","0"
"Grail.mq4","C","MeanReversal","47","clean","True","True","False","False","False","False","False","False","RSI","Any","5","0"
"Grid_Template.mq4","B","GridMartingale","52","clean","True","True","True","True","False","False","False","True","RSI","Any","5","0"
"H4_BreakOut_Cycle_V1a.mq4","C","MeanReversal","44","clean","True","True","False","False","False","False","False","False","RSI","Any","1","0"
"Hide Trendline Script.mq4","C","Unknown","14","clean","False","False","False","False","False","False","False","False","","Any","2","0"
"high profit EA.mq4","B","GridMartingale","57","clean","True","True","True","True","False","False","True","True","MA","Any","0","0"
"ichi_scalper_allpairs_v52.mq4","C","Trend","33","clean","False","False","False","False","False","False","False","True","MA","Any","0","0"
"iCustom-EA-V3.15.mq4","B","GridMartingale","58","clean","True","True","True","False","True","False","False","True","MA, RSI","Any","0","0"
"iCustom_EA1.mq4","C","GridMartingale","46","clean","True","True","False","False","True","False","False","False","RSI","Any","4","0"
"icwr.6.mq4","C","MeanReversal","47","clean","True","True","False","False","False","False","False","False","RSI","Any","3","0"
"icwr.7.mq4","C","MeanReversal","47","clean","True","True","False","False","False","False","False","False","RSI","Any","3","0"
"icwr.8.mq4","C","MeanReversal","47","clean","True","True","False","False","False","False","False","False","RSI","Any","3","0"
"icwr.9.mq4","C","MeanReversal","47","clean","True","True","False","False","False","False","False","False","RSI","Any","3","0"
"icwr.mq4","C","MeanReversal","47","clean","True","True","False","False","False","False","False","False","RSI","Any","3","0"
"icwr1.12.mq4","B","Trend","50","clean","True","True","False","False","False","False","False","False","MA, RSI","Any","3","0"
"icwr1.12Bx.mq4","B","Trend","50","clean","True","True","False","False","False","False","False","False","MA, RSI","Any","3","0"
"icwr1.13x.mq4","B","Trend","50","clean","True","True","False","False","False","False","False","False","MA, RSI","Any","3","0"
"icwr1.17.mq4","B","Trend","53","clean","True","True","False","False","False","False","False","False","MA, ADX, RSI","Any","3","0"
"icwr1.19.mq4","B","Trend","53","clean","True","True","False","False","False","False","False","False","MA, ADX, RSI","Any","3","0"
"icwr1.20.mq4","B","Trend","53","clean","True","True","False","False","False","False","False","False","MA, ADX, RSI","Any","3","0"
"icwr1.5.mq4","C","MeanReversal","47","clean","True","True","False","False","False","False","False","False","RSI","Any","3","0"
"icwr1.mq4","C","MeanReversal","47","clean","True","True","False","False","False","False","False","False","RSI","Any","3","0"
"icwr19.mq4","B","Trend","53","clean","True","True","False","False","False","False","False","False","MA, ADX, RSI","Any","3","0"
"icwr2.19.mq4","B","Trend","53","clean","True","True","False","False","False","False","False","False","MA, ADX, RSI","Any","3","0"
"icwr2.2.mq4","C","MeanReversal","47","clean","True","True","False","False","False","False","False","False","RSI","Any","3","0"
"icwr2.mq4","C","MeanReversal","47","clean","True","True","False","False","False","False","False","False","RSI","Any","3","0"
"Ikarus_2.0.mq4","C","MeanReversal","37","clean","False","True","True","True","True","False","False","False","RSI, CCI","Any","0","0"
"IKONIKROBOT.(EA).mq4","B","GridMartingale","50","clean","True","True","False","True","True","False","False","False","MA, RSI","Any","1","0"
"ILAN TURBO BETA v.4.5.1 +Mear.mq4","C","MeanReversal","39","clean","False","True","False","False","False","False","False","False","RSI","Any","3","0"
"Ilan V 1.6.mq4","A","MeanReversal","65","clean","True","True","True","True","False","True","False","False","MA, RSI, CCI","Any","3","0"
"Ilan-1.8.mq4","B","GridMartingale","59","clean","True","True","True","True","False","True","False","False","","Any","4","0"
"Ilan-Combi V2.1.mq4","B","GridMartingale","61","clean","True","True","True","True","False","True","False","False","MA, DeMarker","Any","0","0"
"Ilan-Combi _Dinamic.mq4","B","GridMartingale","61","clean","True","True","True","True","False","True","False","False","MA, DeMarker","Any","0","0"
"Ilan-Trio V1.2.mq4","B","GridMartingale","56","clean","True","True","True","True","False","True","False","False","RSI","Any","0","0"
"Ilan-Trio V1.33.mq4","B","GridMartingale","56","clean","True","True","True","True","False","True","False","False","RSI","Any","0","0"
"Ilan-Trio V1.43.mq4","B","GridMartingale","56","clean","True","True","True","True","False","True","False","False","RSI","Any","0","0"
"Ilan-Trio V1.45.4.mq4","B","GridMartingale","60","clean","True","True","True","True","False","True","False","True","RSI","Any","0","0"
"Ilan-Trio V1.47.mq4","B","GridMartingale","58","clean","True","True","True","True","False","True","False","False","RSI","Any","0","0"
"Ilan-Trio V1.49.mq4","A","GridMartingale","64","clean","True","True","True","True","False","True","False","True","RSI","Any","0","0"
"Ilan1.6.Prof6.mq4","B","GridMartingale","57","clean","True","True","True","True","False","True","False","False","","Any","3","0"
"Ilan_1.5_ZeroProfit.mq4","A","GridMartingale","62","clean","True","True","True","True","False","True","False","False","MACD","Any","3","0"
"Ilan_1.6_Dynamic_MM.mq4","A","MeanReversal","65","clean","True","True","True","True","False","True","False","False","MA, RSI, CCI","Any","3","0"
"Ilan_16TD_CCI_1.3.mq4","B","MeanReversal","59","clean","True","True","True","True","False","True","False","False","RSI, CCI","Any","1","0"
"Ilan_16TD_SCT.mq4","B","MeanReversal","59","clean","True","True","True","True","False","True","False","False","RSI, CCI","Any","1","0"
"Ilan_Exstra_Friday-from_Martingeil.mq4","C","GridMartingale","43","clean","False","True","True","True","False","False","False","False","","Any","3","0"
"Ilan_HiLo_RSI.mq4","B","GridMartingale","59","clean","True","True","True","True","False","True","False","False","RSI","Any","3","0"
"Ilan_HiLo_RSI_Dinamic.mq4","B","GridMartingale","59","clean","True","True","True","True","False","True","False","False","RSI","Any","3","0"
"Ilan_HiLo_RSI_fixed_by_Vespertilio.mq4","B","GridMartingale","59","clean","True","True","True","True","False","True","False","False","RSI","Any","3","0"
"Ilan_Lite_1.mq4","C","Unknown","25","clean","False","True","False","False","False","False","False","False","","Any","3","0"
"Ilan_Nikolaus_mod.mq4","A","MeanReversal","62","clean","True","True","True","True","False","True","False","False","RSI, CCI","Any","3","0"
"Ilan_RSI_MACD.mq4","A","Trend","65","clean","True","True","True","True","False","True","False","False","MA, MACD, RSI","Any","3","0"
"Ilan_RSI_mm_extr18.mq4","C","GridMartingale","37","clean","False","True","False","True","False","False","False","False","MA","Any","0","0"
"Ilan_RSI_mm_extr192_rrr.mq4","C","GridMartingale","34","clean","False","True","False","True","False","False","False","False","","Any","0","0"
"Ilan_T1000_Plus2.mq4","B","Scalping","59","clean","True","True","True","False","False","True","False","False","RSI","Any","3","0"
"Ilan_Tren_AHP_2010.mq4","B","GridMartingale","57","clean","True","True","True","True","False","True","False","False","","Any","3","0"
"ILAN_TURBO_BETA_v.4.5.11_Plus.mq4","B","Scalping","59","clean","True","True","True","False","False","True","False","False","RSI","Any","3","0"
"ILAN_TURBO_BETA_v.4.5.1_Plus_PcntM.mq4","B","Scalping","58","clean","True","True","True","False","False","True","False","False","RSI","Any","0","0"
"Ilan_VS_TrendTrading_LastTP_v1_2.mq4","B","GridMartingale","51","clean","True","True","True","True","False","False","False","False","CCI","Any","1","0"
"Ilan_VS_TrendTrading_Trail.mq4","B","GridMartingale","51","clean","True","True","True","True","False","False","False","False","CCI","Any","1","0"
"Indicator Max Pips.mq4","C","Trend","45","clean","True","True","False","False","False","False","False","False","MA","Any","0","0"
"Investing.mq4","C","GridMartingale","41","clean","False","True","False","True","False","False","True","True","RSI","Any","0","0"
"Iron Scalper EA.mq4","C","GridMartingale","46","clean","True","False","True","True","False","False","False","False","MA, RSI","Any","3","0"
"iSwing v5.3.mq4","C","Unknown","10","clean","False","False","False","False","False","False","False","False","","Any","0","0"
"i_TDI_MA_01.mq4","C","Scalping","36","clean","False","True","False","False","False","False","False","False","MA, RSI","Any","0","0"
"JabrixScalperForInsta.mq4","C","Unknown","29","partially_obfuscated","True","False","True","False","False","False","False","True","","Any","3","7"
"janda tukang rename.mq4","B","Scalping","54","clean","True","True","True","False","False","False","False","False","RSI","Any","6","0"
"Jum+StoC+v2.3F~.mq4","C","GridMartingale","18","obfuscated","True","True","True","False","True","False","False","False","MA, Stochastic","Any","1","22"
"Jum+StoCh luis.mq4","C","GridMartingale","15","obfuscated","True","True","True","False","True","False","False","False","Stochastic","Any","1","13"
"Jum+StoCh+v2 (3).5F.mq4","C","GridMartingale","15","obfuscated","True","True","True","False","True","False","False","False","Stochastic","Any","1","14"
"Jum+StoCh+v2.3F.mq4","C","GridMartingale","18","obfuscated","True","True","True","False","True","False","False","False","MA, Stochastic","Any","1","18"
"Jum+StoCh+v2.5F.mq4","C","GridMartingale","15","obfuscated","True","True","True","False","True","False","False","False","Stochastic","Any","1","14"
"JUMSTOCH_FIXEDLOT.mq4","C","GridMartingale","15","obfuscated","True","True","True","False","True","False","False","False","Stochastic","Any","1","14"
"KGFv1.mq4","B","GridMartingale","58","clean","True","True","True","True","False","True","False","False","RSI","Any","0","0"
"Life Changer EA.mq4","C","MeanReversal","33","clean","False","True","False","False","False","False","False","False","RSI","M1","0","0"
"M-Sniper EA.mq4","C","GridMartingale","42","clean","True","False","False","True","False","False","False","False","RSI","Any","0","0"
"MA-RSI-EA.mq4","C","Trend","35","clean","False","False","False","False","False","False","False","False","MA, RSI","Any","10","0"
"MACD Cross Zero EA v1.02.mq4","A","Trend","64","clean","True","True","True","False","True","False","True","True","MA, MACD","Any","0","0"
"MACD Sample.mq4","B","Trend","52","clean","True","True","True","False","False","False","False","False","MA, MACD","Any","1","0"
"MaHadgeEA.mq4","B","Scalping","56","clean","True","True","True","False","False","False","True","False","MA, RSI","Any","0","0"
"MA_Cross_with_Exit_EA.mq4","B","Scalping","55","clean","True","True","True","False","False","False","False","True","MA","Any","0","0"
"MegaDroid~.mq4","C","GridMartingale","11","obfuscated","False","True","False","False","True","False","False","False","MA, RSI","Any","22","20"
"me_SimpleTradingDashboard.mq4","C","Unknown","22","clean","False","True","False","False","False","False","False","False","","Any","5","0"
"mGRID EA.mq4","C","Trend","44","clean","False","True","False","False","False","False","True","True","MA, Donchian","Any","3","0"
"Mission Impossible Power Two Open Version 2.mq4","B","GridMartingale","52","clean","True","True","False","True","False","False","False","False","RSI","Any","4","0"
"Money Hunter_Modified _Ea _fixed lot.mq4","B","Scalping","54","clean","True","True","True","False","False","False","False","False","RSI","Any","6","0"
"Money Pile EA.mq4","C","GridMartingale","43","clean","True","True","True","True","False","False","False","False","","Any","0","0"
"MorFX Gold Digger A+.mq4","B","GridMartingale","59","clean","True","True","True","True","False","True","False","False","RSI","Any","3","0"
"MQLTA MT4 High Low Trailing Stop.mq4","B","Scalping","49","clean","True","False","True","False","False","False","False","False","MA, RSI","M1","4","0"
"MR dollar_Pending Orders EA V6.1.mq4","B","Scalping","51","clean","True","True","True","False","False","False","True","False","","Any","0","0"
"MR.dollar_Pending Orders EA V5.5.mq4","B","Scalping","51","clean","True","True","True","False","False","False","True","False","","Any","0","0"
"MR.dollar_Pending Orders EA V6.1.mq4","B","Scalping","51","clean","True","True","True","False","False","False","True","False","","Any","0","0"
"MS_1.mq4","C","GridMartingale","31","clean","False","True","False","True","False","False","False","False","","Any","5","0"
"MS_2.mq4","C","GridMartingale","31","clean","False","True","False","True","False","False","False","False","","Any","4","0"
"MS_4.mq4","C","GridMartingale","31","clean","False","True","False","True","False","False","False","False","","Any","4","0"
"MS_5.mq4","C","GridMartingale","31","clean","False","True","False","True","False","False","False","False","","Any","4","0"
"MT4 Elliot Wave.mq4","C","Unknown","19","clean","False","True","False","False","False","False","False","False","","Any","0","0"
"muhsinEA.mq4","B","Trend","61","clean","True","True","False","False","False","True","False","True","MA, RSI","Any","2","0"
"Multi Lot Scalper.mq4","B","Scalping","59","clean","True","True","True","False","False","False","True","False","RSI, Pivot","Any","0","0"
"Multi purpose trade manager.mq4","C","MeanReversal","44","clean","True","True","False","False","False","False","False","False","RSI","Any","2","0"
"Multi-Lot Scalper.mq4","B","Scalping","54","clean","True","True","True","False","False","False","False","False","Pivot","Any","3","0"
"MultiBreakOut_v5.mq4","C","MeanReversal","44","clean","True","True","False","False","False","False","False","False","RSI","Any","1","0"
"MultiHedge V1.1.mq4","C","MeanReversal","33","clean","False","False","False","False","False","False","False","False","RSI","Any","3","0"
"multilot scalper.mq4","B","Scalping","53","clean","True","True","True","False","False","False","False","False","RSI, Pivot","Any","2","0"
"Multilot-ASCTRend.mq4","C","Unknown","14","clean","False","False","False","False","False","False","False","False","","Any","2","0"
"Multilot.mq4","C","Breakout","26","clean","False","False","False","False","False","False","False","False","Fractals","Any","2","0"
"MultiPairWPR.mq4","C","MeanReversal","47","clean","True","True","False","False","False","False","False","False","RSI","Any","5","0"
"multipositionexpert_v11.11.mq4","C","Unknown","22","clean","False","True","False","False","False","False","False","False","","Any","4","0"
"MultiTrader.mq4","B","Trend","49","clean","True","True","False","False","False","False","False","False","MA, RSI","H1","0","0"
"Multi_Lot_Scalper.mq4","B","Scalping","54","clean","True","True","True","False","False","False","False","False","Pivot","Any","3","0"
"Multi_Lot_Scalper1.mq4","B","Scalping","54","clean","True","True","True","False","False","False","False","False","Pivot","Any","3","0"
"Multi_Lot_Scalper_A.mq4","B","Scalping","54","clean","True","True","True","False","False","False","False","False","Pivot","Any","3","0"
"Multi_Lot_Scalper_Psars.mq4","B","Scalping","54","clean","True","True","True","False","False","False","False","False","Pivot","Any","3","0"
"Multi_Lot_Scalper_Psars1.mq4","B","Scalping","54","clean","True","True","True","False","False","False","False","False","Pivot","Any","3","0"
"Multi_Lot_Scalper_PsarsV1.mq4","B","Scalping","56","clean","True","True","True","False","False","False","False","False","RSI, Pivot","Any","3","0"
"Multi_Lot_Scalper_P_D1_JLY4.mq4","B","Scalping","53","clean","True","True","True","False","False","False","False","False","RSI, Pivot","Any","2","0"
"Multi_Lot_Scalper_P_DAY_MT4.mq4","B","GridMartingale","54","clean","True","True","True","True","False","False","False","False","RSI, Donchian","Any","4","0"
"Multi_Lot_Scapler_P_DAY_JLY.mq4","B","Scalping","53","clean","True","True","True","False","False","False","False","False","RSI, Pivot","Any","2","0"
"Multi_Lot_Scapler_P_DAY_JLY1.mq4","B","Scalping","53","clean","True","True","True","False","False","False","False","False","RSI, Pivot","Any","2","0"
"Multi_Lot_Scapler_P_DAY_JLY2.mq4","B","Scalping","53","clean","True","True","True","False","False","False","False","False","RSI, Pivot","Any","2","0"
"Multi_Lot_Scapler_P_DAY_JLY3.mq4","B","Scalping","53","clean","True","True","True","False","False","False","False","False","RSI, Pivot","Any","2","0"
"Multi_Lot_Scapler_P_DAY_MT4.mq4","B","GridMartingale","54","clean","True","True","True","True","False","False","False","False","RSI, Donchian","Any","4","0"
"Multi_Lot_Scapler_P_DAY_MT41.mq4","B","GridMartingale","54","clean","True","True","True","True","False","False","False","False","RSI, Donchian","Any","4","0"
"MY MILLIONS EA.mq4","B","Scalping","57","clean","True","False","True","False","False","False","True","True","MA, RSI","Any","0","0"
"my.mq4","C","Scalping","46","clean","True","True","True","False","False","False","False","False","","Any","1","0"
"my10trend.mq4","B","GridMartingale","52","clean","True","True","True","True","False","False","False","False","RSI","Any","3","0"
"My4xScalper_GOLD~.mq4","C","Scalping","19","obfuscated","True","True","False","False","False","False","False","False","","Any","3","27"
"MyFirstEA.mq4","C","Trend","46","clean","True","False","False","False","False","False","False","False","MA, RSI","Any","7","0"
"MyFriend.mq4","C","Scalping","46","clean","True","True","True","False","False","False","False","False","Pivot","M30","1","0"
"MyLuckyProV04p.mq4","B","MeanReversal","49","clean","True","True","False","False","False","False","False","False","RSI","Any","2","0"
"myMACD4ver2.mq4","C","Trend","47","clean","False","True","True","False","False","False","False","False","MA, MACD, RSI","Any","8","0"
"MyNewsTrading_EA.mq4","C","Breakout","45","clean","True","True","False","False","False","False","False","False","","Any","3","0"
"MyProject.mq4","C","Breakout","47","clean","True","True","False","False","False","False","False","False","","Any","3","0"
"My_First_Adviser.mq4","B","MeanReversal","49","clean","True","False","False","False","False","False","False","False","MA, RSI, Bollinger","Any","6","0"
"my_pyr.mq4","C","Breakout","47","clean","True","True","False","False","False","False","False","False","","Any","4","0"
"NAS KILLER_PRO_EA 3.0.mq4","C","Unknown","10","clean","False","False","False","False","False","False","False","False","","Any","0","0"
"NASDAQ Robotron.mq4","B","Scalping","53","clean","True","True","True","False","False","False","False","False","RSI","Any","3","0"
"Neuro-MartingailExpertStochastic_v3.mq4","C","GridMartingale","42","clean","True","True","False","False","True","False","False","False","Stochastic","Any","4","0"
"Nevalyashka_BreakdownLevel.mq4","C","GridMartingale","42","clean","True","True","False","False","True","False","False","False","","Any","4","0"
"Newest Universal 10.mq4","C","Trend","26","obfuscated","True","True","False","False","False","False","False","True","MA","Any","4","34"
"Newesta 4.2.mq4","C","MeanReversal","46","clean","True","True","False","False","False","False","False","False","RSI","Any","2","0"
"NEWEXPERT-NN.mq4","C","Scalping","38","clean","False","True","True","False","False","False","False","False","MA","H1","1","0"
"NewM2H.mq4","C","GridMartingale","42","clean","True","True","False","True","False","False","False","False","","Any","4","0"
"News On Mt4.mq4","C","Trend","34","clean","False","True","False","False","False","False","False","False","MA","Any","0","0"
"News Traders Mt4 v01.mq4","B","Scalping","54","clean","True","True","True","False","False","False","False","False","RSI","Any","7","0"
"News Trading Pending Order EA v1.6.mq4","B","Scalping","54","clean","True","True","True","False","False","False","False","False","RSI","Any","9","0"
"News_AmazingEA_1.0.5.mq4","C","Scalping","40","clean","False","True","True","False","False","False","False","False","RSI","Any","5","0"
"News_Grabber_Limit.mq4","B","Scalping","49","clean","True","True","True","False","False","False","False","False","","Any","3","0"
"News_Traders_Mt4_v01.mq4","B","Scalping","54","clean","True","True","True","False","False","False","False","False","RSI","Any","7","0"
"Night Grid FZ.mq4","C","GridMartingale","45","clean","True","True","False","True","False","False","False","False","","Any","2","0"
"Nikra EA.mq4","C","Unknown","24","clean","False","True","False","False","False","False","False","False","","Any","3","0"
"NinaEA v.02.mq4","C","Trend","45","clean","True","False","False","False","False","False","False","False","MA","Any","3","0"
"NinaEA v03.mq4","C","Trend","45","clean","True","False","False","False","False","False","False","False","MA","Any","3","0"
"NinaEAtest.mq4","C","Trend","45","clean","True","False","False","False","False","False","False","False","MA","Any","3","0"
"NinjaForex_Versi AI unlimited fix.mq4","C","Scalping","43","partially_obfuscated","True","False","False","False","False","False","True","False","MA, RSI","Any","1","9"
"NinjaForex_Versi AI unlimited.mq4","C","Scalping","25","obfuscated","True","False","False","False","False","False","True","False","MA, RSI","Any","1","11"
"Noah10pips2006.mq4","B","Scalping","54","clean","True","True","True","False","False","False","False","True","","Any","1","0"
"No_Nonsense_ATR.mq4","C","MeanReversal","44","clean","True","True","False","False","False","False","False","False","RSI","Any","0","0"
"NRTR_EXP.mq4","C","Breakout","26","clean","False","False","False","False","False","False","False","False","","Any","2","0"
"Nrtr_revers_www_forex-instruments_info.mq4","B","Scalping","51","clean","True","True","True","False","False","False","False","False","","Any","3","0"
"NTK_07.mq4","B","Scalping","55","clean","True","True","True","False","False","False","False","False","MA","Any","3","0"
"Nuclear Option script.mq4","C","Unknown","22","clean","False","True","False","False","False","False","False","False","","Any","3","0"
"NY breakout v0.10.mq4","B","Scalping","54","clean","True","True","True","False","False","False","True","False","MA","Any","1","0"
"NY breakout v0.11.mq4","B","Scalping","54","clean","True","True","True","False","False","False","True","False","MA","Any","1","0"
"NY breakout v01.11.mq4","B","Scalping","54","clean","True","True","True","False","False","False","True","False","MA","Any","1","0"
"O2.mq4","C","MeanReversal","36","clean","False","True","False","False","False","False","False","False","CCI","M5","3","0"
"OBOS Divergence_FXTS_FastMod.mq4","C","GridMartingale","42","clean","True","True","False","True","True","False","False","False","MA, RSI, Donchian","Any","1","0"
"OBOS_Divergence(Bullforyou.com).mq4","C","GridMartingale","43","clean","True","True","False","True","True","False","False","True","MA, RSI, Donchian","Any","1","0"
"OGT Zone Recovery EA v1.5.mq4","C","GridMartingale","35","clean","False","True","False","False","True","False","False","True","RSI","Any","0","0"
"oilfxpro_gold_breakouts_freeversion.mq4","B","Scalping","53","clean","True","True","True","False","False","False","True","False","RSI","Any","1","0"
"OmegaTrendEA_v7.0_EURUSD.mq4","B","Trend","49","clean","True","True","False","False","False","False","True","False","MA, Pivot","Any","2","0"
"OM_2WAY_v3.6.mq4","C","GridMartingale","38","clean","False","True","False","True","False","False","False","True","","Any","2","0"
"once per bar expert.mq4","C","Trend","45","clean","True","True","False","False","False","False","False","False","MA","H4","0","0"
"OndaFX-EDU.mq4","C","Trend","25","obfuscated","True","True","False","False","False","False","False","False","MA","Any","18","18"
"ORIGINAL88.mq4","C","Unknown","10","clean","False","False","False","False","False","False","False","False","","Any","0","0"
"OU Forex Mastery Market Scanner.mq4","C","Scalping","40","clean","False","True","False","False","False","False","False","False","MA, RSI, Donchian","Any","9","0"
"OverHedge.mq4","C","GridMartingale","33","clean","False","True","False","True","False","False","False","False","MA","Any","2","0"
"OverHedgeV2.mq4","C","GridMartingale","36","clean","False","True","False","True","False","False","False","False","MA","Any","3","0"
"Overhedgev2_www_forex-instruments_info.mq4","C","GridMartingale","36","clean","False","True","False","True","False","False","False","False","MA","Any","3","0"
"Overlay Positive Hedging v1a_.mq4","C","Trend","37","clean","False","True","False","False","False","False","False","False","MA","D1","3","0"
"Pair High Return(R3-07).mq4","C","MeanReversal","24","obfuscated","True","True","False","False","False","False","True","False","RSI","Any","1","23"
"PairTrader_Exp v41.mq4","C","Scalping","44","clean","True","False","True","False","False","False","False","False","","Any","3","0"
"Palmuz.mq4","C","GridMartingale","32","clean","False","True","False","False","True","False","False","False","MA","Any","3","0"
"parabolic_2_screen.mq4","C","Trend","45","clean","True","True","False","False","False","False","False","False","MA","M1","1","0"
"parabolic_DMI.mq4","C","Trend","45","clean","True","True","False","False","False","False","False","False","ADX","M1","1","0"
"parabolic_DMI2.mq4","C","Trend","45","clean","True","True","False","False","False","False","False","False","ADX","M1","1","0"
"ParaSwing_EA~eurusd m15.mq4","C","MeanReversal","31","clean","False","False","False","False","False","False","False","False","Stochastic","Any","4","0"
"Pauls MACD EA checks re-entry and high TF.mq4","C","Trend","43","clean","True","True","False","False","True","False","False","False","MA, MACD","Any","2","0"
"paul_maloma.mq4","C","Breakout","45","clean","True","True","False","False","False","False","False","False","","D1","4","0"
"PCS-01.mq4","C","Unknown","35","clean","True","True","False","False","False","False","False","False","Donchian","Any","4","0"
"PCS-02.mq4","C","Trend","47","clean","True","True","False","False","False","False","False","False","MA, Donchian","Any","2","0"
"pedroXXmod.mq4","B","Scalping","49","clean","True","True","True","False","False","False","False","False","","Any","2","0"
"Pegasus.mq4","B","Scalping","49","clean","True","True","True","False","False","False","False","False","MA","Any","1","0"
"Pending Breakout.mq4","C","Scalping","42","clean","False","True","True","False","False","False","True","True","","Any","2","0"
"pending martingale 1.mq4","C","Unknown","10","clean","False","False","False","False","False","False","False","False","","Any","0","0"
"Pending Orders.mq4","C","Breakout","29","clean","False","False","False","False","False","False","False","False","","Any","3","0"
"perevorot.mq4","C","Unknown","30","clean","True","True","False","False","False","False","False","False","","Any","1","0"
"Perfect Crypto Scalper.mq4","A","Trend","62","clean","True","True","True","False","False","True","False","False","MA, MACD, RSI","M1","1","0"
"PerfectEA v3.3.mq4","B","GridMartingale","58","clean","True","True","True","True","False","True","False","False","RSI","H1","0","0"
"PerfectEA.mq4","B","GridMartingale","58","clean","True","True","True","True","False","True","False","False","RSI","H1","0","0"
"PFP v3-2.mq4","C","Trend","36","clean","False","True","False","False","False","False","False","False","MA, Pivot","Any","2","0"
"phoenixea.mq4","B","Scalping","49","clean","True","True","True","False","False","False","False","False","MA","Any","1","0"
"Phoenix_4_CONTEST(2).mq4","B","Scalping","49","clean","True","True","True","False","False","False","False","False","MA","Any","2","0"
"phoenix_ea_v5_7_3_nmc.mq4","B","MeanReversal","61","clean","True","True","True","False","False","False","False","True","MA, RSI, CCI","Any","0","0"
"PIIP-3.mq4","C","Unknown","30","clean","True","True","False","False","False","False","False","False","","Any","1","0"
"PIIP.mq4","C","Breakout","42","clean","True","True","False","False","False","False","False","False","","Any","1","0"
"PINBAR.mq4","A","MultiStrategy","65","clean","True","True","True","False","False","False","False","False","MA, MACD, RSI, CCI, Fractals","M15","3","0"
"Pioner_v2.mq4","C","GridMartingale","44","clean","True","True","False","True","False","False","False","False","","Any","3","0"
"Pioner_v4.mq4","C","GridMartingale","44","clean","True","True","False","True","False","False","False","False","","Any","3","0"
"Pioner_v7.mq4","C","GridMartingale","44","clean","True","True","False","True","False","False","False","False","","Any","3","0"
"pio_pyr.mq4","C","Unknown","14","clean","False","False","False","False","False","False","False","False","","Any","1","0"
"PipeBomb_EA.mq4","B","Trend","54","clean","True","True","False","False","False","False","False","True","MA","Any","3","0"
"pipschart_revamp_v3P.mq4","C","Trend","40","clean","False","True","True","False","False","False","False","False","MA, RSI","Any","0","0"
"PipsCut-v2.0 -edu.mq4","B","GridMartingale","54","clean","True","True","True","True","False","True","False","False","","M1","0","0"
"Pipsover.mq4","C","Trend","45","clean","True","True","False","False","False","False","False","False","MA","Any","1","0"
"Pips_Miner_SE.mq4","C","MeanReversal","37","clean","False","True","False","False","False","False","False","False","RSI","Any","8","0"
"Price Action Scalping.mq4","C","Scalping","24","obfuscated","True","True","False","False","False","False","True","False","RSI","Any","1","24"
"Profit Seven EA 2.mq4","B","GridMartingale","58","clean","True","True","True","True","False","False","False","True","MA","Any","0","0"
"Profit Seven EA2.mq4","B","GridMartingale","57","clean","True","True","True","True","False","False","True","True","MA","Any","0","0"
"PullBack_V1a.mq4","C","MeanReversal","44","clean","True","True","False","False","False","False","False","False","RSI","Any","1","0"
"Pyramid_Pro_v.8.01MA_edu.mq4","C","GridMartingale","34","partially_obfuscated","True","True","False","True","False","False","False","False","","Any","4","5"
"Quasimodo ea.mq4","C","Trend","42","clean","False","False","False","False","False","False","True","False","MA","Any","15","0"
"QUASMOD 2 EA.mq4","C","Trend","42","clean","False","False","False","False","False","False","True","False","MA","Any","15","0"
"renkolivechart_v600_indi.mq4","C","MeanReversal","28","clean","False","False","False","False","False","False","False","False","RSI","Any","0","0"
"renko_hunter.mq4","C","Breakout","45","clean","True","True","False","False","False","False","False","False","","Any","5","0"
"Reverse_Martingale_V3.mq4","B","GridMartingale","55","clean","True","True","False","False","True","False","False","True","MA, RSI","Any","3","0"
"RndTrade.mq4","C","Unknown","17","clean","False","False","False","False","False","False","False","False","","Any","5","0"
"Robot 2050_ LONG.mq4","C","Scalping","46","clean","False","True","True","False","False","False","True","False","","Any","3","0"
"Robot Forex 2009 Profesional Demo~.mq4","B","Scalping","55","clean","True","True","True","False","False","False","False","False","MA","M5","6","0"
"Robot Forex 2009 Profesional Full.mq4","B","Scalping","55","clean","True","True","True","False","False","False","False","False","MA","M5","6","0"
"Robot Forex 2013 Profesional Demo~.mq4","B","GridMartingale","60","clean","True","True","True","True","False","True","True","False","","Any","3","0"
"Robot Forex 2015 Profesional.mq4","C","Scalping","46","clean","False","True","True","False","False","False","True","False","","Any","3","0"
"Robot Forex 2051MAC (RUS).mq4","A","GridMartingale","62","clean","True","True","True","True","False","True","True","False","MACD","Any","1","0"
"Robot2050_ Short.mq4","C","Scalping","46","clean","False","True","True","False","False","False","True","False","","Any","3","0"
"RobotPowerM5_meta4V1.mq4","B","Scalping","56","clean","True","True","True","False","False","False","False","False","MA, Stochastic","Any","3","0"
"Robot_ADX+2MA.mq4","B","Trend","52","clean","True","True","False","False","False","False","False","False","MA, ADX, RSI","Any","2","0"
"Robot_Forex_2014_Profesional__Live.mq4","A","Scalping","62","clean","True","True","True","False","False","True","True","False","","Any","3","0"
"Robot_PowerM5-m .mq4","B","Scalping","52","clean","True","True","True","False","False","False","False","True","","Any","1","0"
"rocco3.mq4","C","Unknown","10","clean","False","False","False","False","False","False","False","False","","Any","0","0"
"RoNz Auto SL-TS-TP.mq4","B","Scalping","48","clean","True","True","True","False","False","False","False","False","RSI","Any","1","0"
"RoNz_Auto_SL-TS-TP.mq4","B","Scalping","48","clean","True","True","True","False","False","False","False","False","RSI","Any","1","0"
"rotating_text.mq4","C","Unknown","19","clean","False","True","False","False","False","False","False","False","","Any","1","0"
"RPLine_v01H1.ex4.mq4","B","Scalping","52","clean","True","True","True","False","False","False","False","False","MA","Any","3","0"
"RPT-bad.mq4","C","Unknown","25","clean","True","False","False","False","False","False","False","False","","Any","1","0"
"RPT.mq4","C","Unknown","28","clean","True","False","False","False","False","False","False","False","","M1","3","0"
"RPT_AUD.mq4","C","Unknown","24","clean","True","False","False","False","False","False","False","False","","M1","3","0"
"RPT_AUD_TAKE.mq4","C","Unknown","24","clean","True","False","False","False","False","False","False","False","","M1","3","0"
"RPT_EUR.mq4","C","Unknown","24","clean","True","False","False","False","False","False","False","False","","M1","3","0"
"RSI CROSS.mq4","C","MeanReversal","28","clean","False","False","False","False","False","False","False","False","RSI","Any","1","0"
"RSI trader v0.10.mq4","C","Scalping","37","clean","False","False","True","False","False","False","False","False","MA, RSI","Any","1","0"
"RSI&CCI DIVERGENCE V1.mq4","A","MultiStrategy","70","clean","True","True","True","False","False","True","False","False","MA, MACD, RSI, CCI","M1","1","0"
"RSI_BollingerBands.mq4","C","MeanReversal","47","clean","True","True","False","False","False","False","False","False","RSI, Stochastic","Any","0","0"
"rsi_ea.mq4","B","Trend","54","clean","True","False","True","False","False","False","False","False","MA, MACD, RSI","Any","5","0"
"RSI_EA1.mq4","B","Trend","54","clean","True","False","True","False","False","False","False","False","MA, MACD, RSI","Any","5","0"
"RSI_Tradexperts.mq4","C","GridMartingale","46","clean","True","True","True","False","True","False","False","False","RSI","Any","3","0"
"RSI_Value_EA.mq4","B","Scalping","50","clean","True","True","True","False","False","False","False","False","RSI","H1","1","0"
"RSI_Value_v2.mq4","B","Scalping","50","clean","True","True","True","False","False","False","False","False","RSI","Any","1","0"
"RTC4NNCS-TRIAL~.mq4","B","Scalping","57","clean","True","True","True","False","False","False","False","True","MA, RSI, Pivot","Any","0","0"
"RUBBERBANDS_1_6.mq4","C","MeanReversal","47","clean","True","True","False","False","False","False","True","False","RSI","Any","2","0"
"RuleBaruSajaTercetus.mq4","B","MeanReversal","49","clean","True","True","False","False","False","False","False","False","RSI","Any","3","0"
"RUSSIAN BEAR High Frequency Trading HFT 2018 .mq4","C","Unknown","38","clean","True","True","False","False","False","False","False","False","","Any","3","0"
"russian20-HP.mq4","C","Scalping","36","clean","False","True","False","False","False","False","False","False","MA","Any","2","0"
"russian20-HP1.mq4","C","Scalping","36","clean","False","True","False","False","False","False","False","False","MA","Any","2","0"
"russian20_HP.mq4","C","Scalping","36","clean","False","True","False","False","False","False","False","False","MA","Any","2","0"
"Rutka.mq4","B","Scalping","49","clean","True","True","True","False","False","False","False","False","MA","H1","1","0"
"Rutka1.mq4","B","Scalping","49","clean","True","True","True","False","False","False","False","False","MA","Any","1","0"
"Rutka1_50.mq4","B","Scalping","49","clean","True","True","True","False","False","False","False","False","MA","Any","1","0"
"Rutka1_50SMMA.mq4","B","Scalping","49","clean","True","True","True","False","False","False","False","False","MA","Any","1","0"
"S-R.1.mq4","C","Breakout","47","clean","True","True","False","False","False","False","False","False","","Any","3","0"
"S-R.original.mq4","B","Breakout","52","clean","True","True","True","False","False","False","False","False","","Any","6","0"
"S.A.R.A..mq4","B","Scalping","58","clean","True","True","True","False","False","False","False","True","MA","Any","5","0"
"samsamov_after_close.mq4","B","Trend","49","clean","True","True","False","False","False","False","False","False","MA, RSI","Any","2","0"
"SCALPANDO marti pro for cent acc m15.mq4","C","GridMartingale","30","obfuscated","True","True","True","True","True","True","False","False","RSI","H1","0","36"
"ScalperAngelsEA.mq4","B","GridMartingale","58","clean","True","True","True","True","False","True","False","False","RSI","H1","0","0"
"Scalper_FX.mq4","C","Scalping","19","obfuscated","True","False","False","False","False","False","True","False","RSI","M1","2","34"
"Secure profit.mq4","B","Trend","48","clean","True","True","False","False","False","False","False","False","MA","Any","5","0"
"Secure profit_v1.1.mq4","B","Trend","53","clean","True","True","False","False","False","False","True","False","MA","Any","5","0"
"Secure profit_v1.2.mq4","B","Trend","53","clean","True","True","False","False","False","False","True","False","MA","Any","5","0"
"Sell 20-40TP l 25 griglia l 10 ordini.mq4","C","MeanReversal","46","clean","True","True","False","False","False","False","False","False","RSI","D1","1","0"
"Sell Stop Buy Stop.mq4","C","Scalping","44","clean","False","False","True","False","False","False","False","True","RSI","Any","4","0"
"sell&buy.mq4","C","Unknown","14","clean","False","False","False","False","False","False","False","False","","Any","1","0"
"sellbuy-mod.mq4","C","Scalping","40","clean","True","False","True","False","False","False","False","False","","Any","3","0"
"Sell_Buy Scalper_agr.mq4","B","Scalping","55","clean","True","True","True","False","False","False","False","False","MA","M5","6","0"
"SemiLong.mq4","B","Scalping","56","clean","True","True","True","False","False","False","False","True","MA","Any","4","0"
"Semilong_www.forex-instruments.info.mq4","B","Scalping","56","clean","True","True","True","False","False","False","False","True","MA","Any","4","0"
"sendKeybd.mq4","C","MeanReversal","31","clean","False","False","False","False","False","False","False","False","RSI","Any","5","0"
"Send_Pending_Order.mq4","C","Breakout","44","clean","True","True","False","False","False","False","False","False","","Any","1","0"
"sereganlp2008.mq4","C","Trend","45","clean","True","True","False","False","False","False","False","False","MA, Pivot","Any","2","0"
"Serg153 Martingail.mq4","C","GridMartingale","37","clean","True","True","False","False","True","False","False","False","","Any","1","0"
"SergeyGukach.mq4","B","MeanReversal","51","clean","True","True","True","False","False","False","False","False","RSI, Fractals","Any","3","0"
"Sergey_0.2.mq4","B","Scalping","53","clean","True","True","True","False","False","False","False","True","Fractals","Any","3","0"
"serg_martini2.mq4","C","Unknown","22","clean","False","True","False","False","False","False","False","False","","Any","4","0"
"Servant Avg+++..mq4","C","GridMartingale","46","clean","True","True","True","False","True","False","False","False","RSI","D1","3","0"
"Session breakout v0.25.mq4","B","Trend","50","clean","True","True","False","False","False","False","True","False","MA","Any","1","0"
"Session breakout v0.26.mq4","B","Scalping","54","clean","True","True","True","False","False","False","True","False","MA","Any","1","0"
"Session breakout v01.26.mq4","B","Scalping","54","clean","True","True","True","False","False","False","True","False","MA","Any","1","0"
"Session breakout v01_mbk.mq4","B","Trend","48","clean","True","True","False","False","False","False","True","False","MA","Any","1","0"
"Set TP (Price).mq4","C","MeanReversal","47","clean","True","True","False","False","False","False","False","False","RSI, CCI","Any","2","0"
"Setka Limit Loc v4.2.mq4","C","Scalping","35","clean","False","True","True","False","False","False","False","False","","Any","1","0"
"SetPendingGridLimit.mq4","C","Breakout","47","clean","True","True","False","False","False","False","False","False","","Any","3","0"
"SevenFx 7a.mq4","C","Unknown","13","partially_obfuscated","False","True","True","False","False","False","False","False","","Any","2","6"
"Shafina v1.mq4","C","Scalping","32","obfuscated","True","True","True","False","False","False","True","False","MA","Any","1","14"
"Shafina v2.mq4","C","Scalping","32","obfuscated","True","True","True","False","False","False","True","False","MA","Any","1","14"
"SHE_AntiBaluev_Pro.mq4","C","Unknown","37","clean","True","True","True","False","False","False","False","False","","Any","3","0"
"SHE_Baluev_Pro.mq4","B","Breakout","49","clean","True","True","True","False","False","False","False","False","","Any","3","0"
"SHE_Baluev_Real.mq4","B","Breakout","49","clean","True","True","True","False","False","False","False","False","","Any","3","0"
"SHE_kanskigor.mq4","C","Unknown","19","clean","False","False","False","False","False","False","False","False","","D1","3","0"
"SHE_Lucky.mq4","B","Trend","48","clean","True","True","False","False","False","False","False","False","MA","Any","4","0"
"SHE_Lucky_reinvest.mq4","B","Trend","48","clean","True","True","False","False","False","False","False","False","MA","Any","4","0"
"SHE_Lucky_reinvest_V.mq4","B","Trend","48","clean","True","True","False","False","False","False","False","False","MA","Any","4","0"
"ShockBar 1.2.mq4","C","GridMartingale","44","clean","True","True","False","False","True","False","False","True","","Any","0","0"
"ShockBar1.2.mq4","C","GridMartingale","44","clean","True","True","False","False","True","False","False","True","","Any","0","0"
"ShockBar_v_1_1.mq4","B","GridMartingale","59","clean","True","True","False","False","True","True","False","True","","Any","3","0"
"Shurgin_Collector.mq4","C","Unknown","16","clean","False","False","False","False","False","False","False","False","","Any","2","0"
"Sidus-EA-V3.20.mq4","A","GridMartingale","63","clean","True","True","True","False","True","False","True","True","MA, RSI","Any","0","0"
"siimple.mq4","C","Unknown","35","clean","True","True","False","False","False","False","False","False","","D1","5","0"
"SilverTrendExpert_V2a.mq4","B","Scalping","58","clean","True","True","True","False","False","False","False","True","MA","Any","0","0"
"SilverTrendTrader(xyz).mq4","B","Scalping","58","clean","True","True","True","False","False","False","False","False","MA, DeMarker","Any","1","0"
"SilverTrendTrader.mq4","B","Scalping","58","clean","True","True","True","False","False","False","False","False","MA, DeMarker","Any","1","0"
"SilverTrendTrader_v3.mq4","B","Trend","56","clean","True","True","True","False","False","False","False","False","MA, ADX","Any","1","0"
"SilverTrendTrader_v3_JMA.mq4","B","Scalping","53","clean","True","True","True","False","False","False","False","False","ADX","Any","1","0"
"SilverTrendTrader_v3_JTPO.mq4","B","Scalping","53","clean","True","True","True","False","False","False","False","False","ADX","Any","1","0"
"SilverTrendTrader_v3_JTPO1.mq4","B","Scalping","53","clean","True","True","True","False","False","False","False","False","ADX","Any","1","0"
"SilverTrendTrader_v4.mq4","B","Scalping","53","clean","True","True","True","False","False","False","False","False","MA","Any","1","0"
"SilverTrendTrader_v4_JTPO.mq4","B","Scalping","53","clean","True","True","True","False","False","False","False","False","ADX","Any","1","0"
"SilverTrendTrader_v5.mq4","B","Scalping","53","clean","True","True","True","False","False","False","False","False","MA","Any","1","0"
"SilverTrendTrader_v6.mq4","B","Scalping","53","clean","True","True","True","False","False","False","False","False","MA","Any","2","0"
"SilverTrendTrader_v7.mq4","B","Scalping","55","clean","True","True","True","False","False","False","False","False","MA, CCI","Any","1","0"
"SilverTrendV3 (2).mq4","B","Scalping","53","clean","True","True","True","False","False","False","False","False","ADX","Any","1","0"
"SilverTrendV3.mq4","B","Scalping","53","clean","True","True","True","False","False","False","False","False","ADX","Any","1","0"
"Simple Expert Advisor with Functions.mq4","C","Trend","47","clean","True","True","False","False","False","False","False","False","MA","Any","2","0"
"Simple Expert Advisor.mq4","B","Scalping","51","clean","True","True","True","False","False","False","False","False","MA","Any","1","0"
"Simple Stoch Divergence EA.mq4","B","MeanReversal","59","clean","True","True","True","False","False","False","False","False","MA, Stochastic, Bollinger","D1","3","0"
"simple-macd-EA.mq4","B","Trend","50","clean","True","False","True","False","False","False","False","False","MA, MACD","M1","5","0"
"Simple-macd-ea_www_forex-instruments_info.mq4","B","Trend","50","clean","True","False","True","False","False","False","False","False","MA, MACD","M1","5","0"
"SimpleH1_GBPUSD_EAv9.mq4","B","Scalping","53","clean","True","True","True","False","False","False","False","True","MA, Fractals","Any","2","0"
"SimplePivot.mq4","C","Unknown","22","clean","False","True","False","False","False","False","False","False","Pivot","Any","3","0"
"SimpleSAR_EA2.mq4","B","Scalping","49","clean","True","True","True","False","False","False","False","False","","Any","4","0"
"simple_copier.mq4","B","MeanReversal","49","clean","True","True","False","False","False","False","False","False","RSI","Any","3","0"
"simple_ma_cross_ea.mq4","B","Trend","50","clean","True","True","False","False","False","False","False","False","MA","Any","3","0"
"SimplyOpen.mq4","C","MeanReversal","42","clean","True","False","False","False","False","False","False","False","RSI, Fractals","Any","4","0"
"SistemaEA_ByFreddy_mod1.mq4","C","GridMartingale","44","clean","True","True","False","True","False","False","False","False","","Any","4","0"
"SistemaEA_ByFreddy_Trans_v3.mq4","C","GridMartingale","43","clean","True","True","False","True","False","False","False","False","RSI","Any","1","0"
"SistemaEA_ByFreddy~.mq4","C","GridMartingale","46","clean","True","True","False","True","False","False","False","False","RSI","Any","4","0"
"Six Study EA.mq4","C","MeanReversal","36","clean","False","False","False","False","False","False","False","False","RSI","Any","5","0"
"sixperiod_v31.mq4","B","Scalping","49","clean","True","True","True","False","False","False","False","False","MA","Any","2","0"
"sixtysecound ea.mq4","C","Unknown","10","clean","False","False","False","False","False","False","False","False","","Any","0","0"
"SKIV_Trader.mq4","C","Scalping","45","clean","True","True","True","False","False","False","False","False","","Any","4","0"
"SkyUp EA.mq4","C","Scalping","34","clean","False","False","False","False","False","False","False","False","RSI","Any","3","0"
"SL-TP_move-by-Mouse.mq4","C","Unknown","33","clean","True","True","False","False","False","False","False","False","","Any","3","0"
"Slave-yang nyontek~.mq4","C","Scalping","23","obfuscated","True","True","True","False","False","False","False","False","","Any","4","13"
"SLR_alpari.mq4","C","Trend","32","clean","False","False","False","False","False","False","False","False","MA","Any","3","0"
"SLR_BIF.mq4","C","Trend","32","clean","False","False","False","False","False","False","False","False","MA","Any","3","0"
"SLR_FXPROFIT.mq4","B","Trend","48","clean","True","True","False","False","False","False","False","False","MA","Any","4","0"
"SLR_Lite.mq4","C","Trend","32","clean","False","False","False","False","False","False","False","False","MA","Any","3","0"
"SLR_MoneyRain.mq4","B","Trend","48","clean","True","True","False","False","False","False","False","False","MA","Any","4","0"
"SLR_Test.mq4","C","Trend","32","clean","False","False","False","False","False","False","False","False","MA","Any","3","0"
"sltp-currency.mq4","C","Unknown","30","clean","True","True","False","False","False","False","False","False","","Any","1","0"
"smart s.mq4","C","MeanReversal","33","clean","False","True","False","False","False","False","False","False","RSI","Any","0","0"
"Smart Scalping EU M1.mq4","C","Scalping","39","clean","False","True","True","False","False","False","False","True","","Any","1","0"
"Smart_Algoritm_Kod.mq4","C","Trend","28","partially_obfuscated","False","True","True","False","False","False","False","False","MA","Any","2","6"
"SMA_MultiHdege2.mq4","C","Trend","33","clean","False","False","False","False","False","False","False","True","MA","Any","2","0"
"SMC Autotrader Momentum.mq4","B","Scalping","49","clean","True","True","True","False","False","False","False","False","MA","Any","2","0"
"SMC eur usd(26AUG05).mq4","C","Trend","43","clean","False","True","True","False","False","False","False","False","MA, MACD, RSI","Any","2","0"
"SMC eur usd(28AUG05).mq4","B","Trend","54","clean","True","True","True","False","False","False","False","False","MA, MACD, RSI","Any","2","0"
"SMC eur usd1(26AUG05).mq4","C","Trend","43","clean","False","True","True","False","False","False","False","False","MA, MACD, RSI","Any","2","0"
"SMC eur usd1.mq4","C","Trend","43","clean","False","True","True","False","False","False","False","False","MA, MACD, RSI","Any","2","0"
"SMC eur usd2.mq4","C","Trend","43","clean","False","True","True","False","False","False","False","False","MA, MACD, RSI","Any","2","0"
"SMC HiLo v1.1.mq4","B","Scalping","49","clean","True","True","True","False","False","False","False","False","MA","Any","2","0"
"SMC HiLo v11.1.mq4","B","Scalping","49","clean","True","True","True","False","False","False","False","False","MA","Any","2","0"
"SMC HiLo v11.mq4","B","Scalping","49","clean","True","True","True","False","False","False","False","False","MA","Any","2","0"
"SMC MA 3BAR.mq4","B","Scalping","49","clean","True","True","True","False","False","False","False","False","MA","Any","2","0"
"SMC MA xover.mq4","B","Scalping","53","clean","True","True","True","False","False","False","False","True","MA","Any","2","0"
"SMC MA.mq4","B","Scalping","53","clean","True","True","True","False","False","False","False","True","MA","Any","2","0"
"SMC MACD new idea.mq4","B","Trend","52","clean","True","True","False","False","False","False","False","True","MA, MACD","Any","2","0"
"SMC Manual EA limit and_or stop order.mq4","B","Scalping","48","clean","True","True","True","False","False","False","False","False","Donchian","Any","1","0"
"SMC Manual EA with seperation.mq4","B","Scalping","51","clean","True","True","True","False","False","False","False","False","MA, Donchian","Any","2","0"
"SMC Manual EA.mq4","B","Scalping","51","clean","True","True","True","False","False","False","False","False","MA, Donchian","Any","2","0"
"SMC Trader 2 MAs 12 26 EMA Basic.mq4","B","Scalping","49","clean","True","True","True","False","False","False","False","False","MA","Any","2","0"
"SMC Trader 2 MAs 5 20 EMA.mq4","B","Scalping","49","clean","True","True","True","False","False","False","False","False","MA","Any","2","0"
"SMC Trader 2 MAs 5 20 EMA1.mq4","B","Scalping","49","clean","True","True","True","False","False","False","False","False","MA","Any","2","0"
"SMC Trader Aroon V1.3.mq4","B","Scalping","51","clean","True","True","True","False","False","False","False","False","MACD, CCI","Any","2","0"
"SMC Trader Camel CCI MACD -ron02.mq4","B","Trend","53","clean","True","True","False","False","False","False","False","False","MA, MACD, CCI","Any","3","0"
"SMC Trader Camel CCI MACD.mq4","C","Trend","43","clean","False","True","True","False","False","False","False","False","MA, MACD, CCI","Any","2","0"
"SMC Trader Kurt v2.mq4","B","Trend","54","clean","True","True","True","False","False","False","False","False","MA, MACD, RSI","Any","2","0"
"SMC Trader Kurt.mq4","C","Trend","43","clean","False","True","True","False","False","False","False","False","MA, MACD, RSI","Any","2","0"
"SMC Trader Kurt1.mq4","C","Trend","43","clean","False","True","True","False","False","False","False","False","MA, MACD, RSI","Any","2","0"
"SMC Trader Kurt2.mq4","C","Trend","43","clean","False","True","True","False","False","False","False","False","MA, MACD, RSI","Any","2","0"
"SMC Trader MACD v1.0.mq4","C","Trend","41","clean","False","True","True","False","False","False","False","False","MA, MACD","Any","2","0"
"SMC Trader Manual.mq4","C","Scalping","35","clean","False","True","True","False","False","False","False","False","","Any","2","0"
"SMC Trader Skeleton v2(07SEP05).mq4","C","Scalping","46","clean","True","True","True","False","False","False","False","False","","Any","2","0"
"SMC Trader TriggerLines V2.1.mq4","C","Scalping","38","clean","False","True","True","False","False","False","False","False","MA","Any","2","0"
"SMC USD JPY cci test.mq4","A","MultiStrategy","62","clean","True","True","True","False","False","False","False","False","MA, MACD, RSI, CCI","Any","2","0"
"SMC-1.mq4","B","Scalping","51","clean","True","True","True","False","False","False","False","False","MA, Donchian","Any","2","0"
"SMC.mq4","C","Scalping","35","clean","False","True","True","False","False","False","False","False","","Any","2","0"
"SMC2.mq4","C","Scalping","35","clean","False","True","True","False","False","False","False","False","","Any","2","0"
"SMC3.mq4","C","Scalping","35","clean","False","True","True","False","False","False","False","False","","Any","2","0"
"SMC_Shell.mq4","B","GridMartingale","48","clean","True","True","True","False","True","False","False","True","MA","Any","2","0"
"SMC_Trader_TriggerLines_V2.mq4","C","Scalping","38","clean","False","True","True","False","False","False","False","False","MA","Any","2","0"
"SniperEA-V3.11_UNI.mq4","B","GridMartingale","56","clean","True","True","True","False","True","False","False","True","MA","Any","0","0"
"souce of fx pips blaster.mq4","B","GridMartingale","57","clean","True","True","True","True","False","False","True","True","MA","Any","0","0"
"sqDynamicBreakoutBox_v1 600+.mq4","C","Trend","39","clean","False","True","False","False","False","False","True","False","MA, RSI","Any","0","0"
"Stoch.mq4","C","Scalping","46","clean","True","True","True","False","False","False","False","False","","Any","1","0"
"Sure Hedging pipschart.mq4","C","GridMartingale","39","clean","True","True","False","False","True","False","False","False","","Any","1","0"
"SureForexHedging_2.mq4","C","GridMartingale","39","clean","True","True","False","False","True","False","False","False","","Any","1","0"
"SyDiv_v0.1.mq4","C","Scalping","44","clean","False","False","True","False","False","False","False","True","RSI","Any","3","0"
"TDI Red Green Tape.mq4","C","Scalping","31","clean","False","False","False","False","False","False","False","False","MA, RSI","Any","0","0"
"TDI Red Green_alerts_mtf 2.02 alert.mq4","C","Scalping","31","clean","False","False","False","False","False","False","False","False","MA, RSI","Any","0","0"
"TDI.mq4","C","Scalping","31","clean","False","False","False","False","False","False","False","False","MA, RSI","Any","0","0"
"Teodosi_EA.mq4","C","MeanReversal","38","clean","False","True","False","False","False","False","False","False","RSI","Any","3","0"
"Tesshinso.mq4","B","Scalping","54","clean","True","True","True","False","False","False","False","False","RSI","Any","6","0"
"THV EA v2.mq4","B","Scalping","49","clean","True","True","True","False","False","False","False","False","MA","Any","0","0"
"tiger.mq4","B","Trend","54","clean","True","True","False","False","False","False","False","False","MA, ADX, RSI","Any","6","0"
"TimeBasedEA.mq4","C","Trend","47","clean","True","True","False","False","False","False","False","False","MA","Any","1","0"
"TITUS OB Indicator.mq4","C","Trend","29","clean","False","False","False","False","False","False","False","False","MA","Any","1","0"
"Trade City D1 MA 5 EA.mq4","C","Unknown","10","clean","False","False","False","False","False","False","False","False","","Any","0","0"
"Trade Manager.mq4","B","Scalping","50","clean","True","True","True","False","False","False","False","False","RSI","Any","1","0"
"traders-dynamic-index.mq4","C","Scalping","31","clean","False","False","False","False","False","False","False","False","MA, RSI","Any","0","0"
"Trading profit protect_ea.mq4","C","Scalping","30","clean","False","False","False","False","False","False","False","False","","Any","7","0"
"traide-advisor.mq4","C","MeanReversal","46","clean","True","True","False","False","False","False","False","False","RSI","Any","2","0"
"Trailing Buy Stop.mq4","B","Scalping","49","clean","True","True","True","False","False","False","False","False","","Any","3","0"
"Trailing Sell Stop.mq4","B","Scalping","49","clean","True","True","True","False","False","False","False","False","","Any","3","0"
"Trailing Stop 5.mq4","B","Scalping","49","clean","True","True","True","False","False","False","False","False","","Any","3","0"
"Trailing Stop v_tdavid.mq4","C","Scalping","38","clean","False","True","True","False","False","False","False","False","","Any","3","0"
"TrailingStop.mq4","B","Scalping","49","clean","True","True","True","False","False","False","False","False","","Any","3","0"
"TrailingStopCmillion_v1.mq4","C","Scalping","46","clean","True","True","True","False","False","False","False","False","Fractals","Any","2","0"
"TrailingStopFrCnSAR.mq4","C","Scalping","46","clean","True","True","True","False","False","False","False","False","Fractals","Any","2","0"
"TrailingUdavka.mq4","B","Scalping","49","clean","True","True","True","False","False","False","False","False","","Any","4","0"
"TrailingWithPartialClose.mq4","B","Scalping","53","clean","True","True","True","False","False","False","False","False","MA, RSI","Any","0","0"
"TrailMe.mq4","B","Scalping","49","clean","True","True","True","False","False","False","False","False","","D1","4","0"
"TrailMe1.mq4","B","Scalping","49","clean","True","True","True","False","False","False","False","False","","D1","4","0"
"TralingStop_v3.mq4","C","Breakout","37","clean","True","False","False","False","False","False","False","False","","Any","1","0"
"TralPendOrder.mq4","C","Breakout","42","clean","True","True","False","False","False","False","False","False","","Any","1","0"
"Transfer2Fractal.mq4","C","Unknown","32","clean","True","True","False","False","False","False","False","False","Fractals","Any","2","0"
"Transformer_EA_V(3).mq4","C","GridMartingale","31","obfuscated","True","True","True","True","False","True","False","False","RSI","Any","3","31"
"Trend Moving Average.mq4","B","GridMartingale","48","clean","True","True","False","False","True","False","False","True","MA, RSI","Any","1","0"
"Trend Racing 3.51 ME Lite_tral_lasttp.mq4","B","MeanReversal","57","clean","True","True","True","True","False","False","False","False","ADX, RSI, CCI","M1","0","0"
"Trend Racing 3.57 ME Lite.mq4","B","MeanReversal","53","clean","True","True","False","True","False","False","False","False","ADX, RSI, CCI","M1","0","0"
"TrendCapture.mq4","C","Trend","45","clean","True","True","False","False","False","False","False","False","ADX","Any","1","0"
"Trendline Trader.mq4","C","Trend","47","clean","True","True","False","False","False","False","False","False","MA, Donchian","Any","2","0"
"Trendline.Trader.mq4","C","Trend","47","clean","True","True","False","False","False","False","False","False","MA","Any","1","0"
"TrendlineOrder.mq4","B","Scalping","51","clean","True","True","True","False","False","False","False","False","","Any","3","0"
"TrendMeLeaveMe.mq4","C","Breakout","45","clean","True","True","False","False","False","False","False","False","","Any","3","0"
"TrendScalper_GTR_beta.mq4","B","Scalping","53","clean","True","True","True","False","False","False","False","True","","Any","3","0"
"TrendScalper_TR.mq4","B","Scalping","53","clean","True","True","True","False","False","False","False","True","","Any","3","0"
"TrendScalper_TR1.mq4","B","Scalping","53","clean","True","True","True","False","False","False","False","True","","Any","3","0"
"TrendScalper_TR_loosetest.mq4","B","Scalping","53","clean","True","True","True","False","False","False","False","True","","Any","3","0"
"TrendScalper_TR_opbartr.mq4","B","Scalping","53","clean","True","True","True","False","False","False","False","True","","Any","3","0"
"TrendTrading_EA_v1.1.mq4","B","Trend","57","clean","True","True","True","False","False","False","False","False","MA, ADX","Any","3","0"
"TRIANGULAR PRICE CORRECTION.mq4","C","Trend","43","clean","False","True","False","False","False","False","False","True","MA","Any","4","0"
"TriangularArbitrage.mq4","C","Trend","37","clean","False","True","False","False","False","False","False","False","MA","Any","3","0"
"Trio Orchestra v1.0.mq4","C","GridMartingale","24","obfuscated","True","True","True","True","False","True","False","False","","M1","0","46"
"TrioDancer_4.4.5.mq4","C","GridMartingale","43","partially_obfuscated","True","False","True","True","False","True","False","False","","M1","0","6"
"TripleMA_Crossover_EA.mq4","B","Scalping","58","clean","True","True","True","False","False","False","False","True","MA","Any","3","0"
"TripleMA_Crossover_expert.mq4","B","Scalping","58","clean","True","True","True","False","False","False","False","True","MA","Any","3","0"
"TripleMA_Crossover_expert1.mq4","B","Scalping","58","clean","True","True","True","False","False","False","False","True","MA","Any","4","0"
"TripleMA_Crossover_expert2.mq4","B","Scalping","58","clean","True","True","True","False","False","False","False","True","MA","Any","3","0"
"Trix_EA.mq4","B","Scalping","54","clean","True","True","True","False","False","False","False","False","MA","Any","3","0"
"True Scalper V11 Sergey.mq4","B","Scalping","53","clean","True","True","False","False","False","False","False","True","MA, RSI","Any","1","0"
"True Scalper v4.mq4","B","Scalping","52","clean","True","True","False","False","False","False","False","False","MA, RSI","Any","3","0"
"TrueBald.mq4","B","Scalping","53","clean","True","True","True","False","False","False","False","False","MA","Any","6","0"
"TrueScalper_Ron_MT4_v02a TS.mq4","B","Scalping","56","clean","True","True","True","False","False","False","False","False","MA, RSI, Donchian","Any","4","0"
"TrueScalper_Ron_MT4_v02a.mq4","B","Scalping","56","clean","True","True","True","False","False","False","False","False","MA, RSI","Any","3","0"
"TrueScalper_Ron_MT4_v02a1.mq4","B","Scalping","56","clean","True","True","True","False","False","False","False","False","MA, RSI","Any","3","0"
"TrueScalper_Ron_MT4_v04(08SEP05).mq4","B","Scalping","52","clean","True","True","False","False","False","False","False","False","MA, RSI","Any","3","0"
"TrueScalper_Ron_MT4_v04.mq4","B","Scalping","52","clean","True","True","False","False","False","False","False","False","MA, RSI","Any","3","0"
"TrueScalper_Ron_MT4_v041.mq4","B","Scalping","52","clean","True","True","False","False","False","False","False","False","MA, RSI","Any","3","0"
"TrueScalper_Ron_MT4_v111.mq4","B","Scalping","53","clean","True","True","False","False","False","False","False","True","MA, RSI","Any","2","0"
"TrueScalper_Ron_MT4_v112.mq4","B","Scalping","53","clean","True","True","False","False","False","False","False","True","MA, RSI","Any","2","0"
"TrueScalper_Ron_Ruby_MT4_v111.mq4","B","Scalping","53","clean","True","True","False","False","False","False","False","True","MA, RSI","Any","2","0"
"TRUE_SCALPER_V11b.mq4","B","Scalping","56","clean","True","True","True","False","False","False","False","False","MA, RSI","Any","3","0"
"TSR.mq4","C","GridMartingale","15","obfuscated","True","True","True","False","True","False","False","False","Stochastic","Any","1","13"
"TurtleTraderV1_0_1.mq4","B","MultiStrategy","59","clean","True","True","False","False","True","False","False","True","MA, ADX, RSI, Stochastic, CCI","Any","0","0"
"Two_MA_Cross.mq4","B","Scalping","56","clean","True","True","True","False","False","False","False","False","MA, RSI","Any","3","0"
"Two_MA_Cross_EA.mq4","B","Scalping","55","clean","True","True","True","False","False","False","False","True","MA","Any","0","0"
"Ultimate Trader Behind The Charts Cracked MQL4.mq4","C","Unknown","10","clean","False","False","False","False","False","False","False","False","","Any","0","0"
"ultraea.mq4","A","Scalping","63","clean","True","True","True","False","False","False","True","True","MA, RSI","Any","2","0"
"Universal EA 2.0.mq4","C","Scalping","34","clean","False","False","False","False","False","False","False","False","RSI","Any","3","0"
"Universal EA.mq4","C","Scalping","34","clean","False","False","False","False","False","False","False","False","RSI","Any","3","0"
"UnNomGuaiV1.132.mq4","C","MeanReversal","38","clean","False","False","False","False","False","False","False","True","MA, RSI, CCI","Any","1","0"
"VapzFX PRO MQ4.mq4","C","Scalping","26","obfuscated","True","True","True","False","False","False","False","False","MA","M1","0","45"
"virtual_trailing_stop.mq4","B","Scalping","48","clean","True","True","True","False","False","False","False","False","","Any","1","0"
"VR SETKA A.mq4","C","GridMartingale","28","clean","False","True","False","False","True","False","False","False","RSI","Any","2","0"
"waygrow_edu EA.mq4","C","Unknown","10","obfuscated","True","True","False","False","False","False","True","False","","Any","2","34"
"Waygrow_edu v1.8 best.mq4","B","Scalping","59","clean","True","True","True","False","False","False","True","False","MA, RSI","Any","1","0"
"winscalper 2020.mq4","A","Scalping","63","clean","True","True","True","False","False","True","False","True","RSI","Any","4","0"
"XAU M V2.5 SC.mq4","C","GridMartingale","32","obfuscated","True","True","True","True","True","True","False","True","RSI, Donchian","H1","0","39"
"XAU-iNDEX.mq4","B","GridMartingale","50","clean","True","True","True","True","True","False","False","True","MA, RSI, Pivot","Any","0","0"
"XMT Scalper v3.mq4","A","MeanReversal","63","clean","True","True","True","False","False","False","False","True","MA, RSI, Bollinger","Any","0","0"
"XMT-Scalper_v2.45.mq4","B","MeanReversal","57","clean","True","True","True","False","False","False","False","False","MA, RSI, Bollinger","Any","0","0"
"XMT-Scalper_v2.461.mq4","B","MeanReversal","57","clean","True","True","True","False","False","False","False","False","MA, RSI, Bollinger","Any","0","0"
"XMT-Scalper_v2.522.mq4","B","MeanReversal","57","clean","True","True","True","False","False","False","False","False","MA, RSI, Bollinger, Donchian","Any","0","0"
"XMT-Scalper_v2.mq4","B","MeanReversal","57","clean","True","True","True","False","False","False","False","False","MA, RSI, Bollinger","Any","0","0"
"ZEAdor.mq4","C","Unknown","11","obfuscated","True","True","True","False","False","False","False","False","","Any","3","18"
"ZScore Diff 3 pairs EA_011.mq4","C","Trend","38","clean","False","True","False","False","False","False","False","False","MA, RSI","Any","1","0"
"Zupp.mq4","C","Unknown","14","clean","False","False","False","False","False","False","False","False","","Any","0","0"
"ZUPp148.mq4","C","Unknown","14","clean","False","False","False","False","False","False","False","False","","Any","0","0"
"ZUPpush notif_148 v7.mq4","C","Unknown","14","clean","False","False","False","False","False","False","False","False","","Any","0","0"
"zupp_148.mq4","C","Unknown","14","clean","False","False","False","False","False","False","False","False","","Any","0","0"
"ZUP_v63.mq4","C","Unknown","14","clean","False","False","False","False","False","False","False","False","Fractals","Any","0","0"
