"file","class","strategy","score","indicators","has_sl","has_tp","code_quality"
"Arnold.mq4","A","MeanReversal","62","MACD, RSI, Stochastic, Pivot","True","True","clean"
"Forex WINNER EA (FULL2019).mq4","A","GridMartingale","65","MA, RSI","True","True","clean"
"Ilan V 1.6.mq4","A","MeanReversal","65","MA, RSI, CCI","True","True","clean"
"Ilan-Trio V1.49.mq4","A","GridMartingale","64","RSI","True","True","clean"
"Ilan_1.5_ZeroProfit.mq4","A","GridMartingale","62","MACD","True","True","clean"
"Ilan_1.6_Dynamic_MM.mq4","A","MeanReversal","65","MA, RSI, CCI","True","True","clean"
"Ilan_Nikolaus_mod.mq4","A","MeanReversal","62","RSI, CCI","True","True","clean"
"Ilan_RSI_MACD.mq4","A","Trend","65","MA, MACD, RSI","True","True","clean"
"MACD Cross Zero EA v1.02.mq4","A","Trend","64","MA, MACD","True","True","clean"
"Perfect Crypto Scalper.mq4","A","Trend","62","MA, MACD, RSI","True","True","clean"
"PINBAR.mq4","A","MultiStrategy","65","MA, MACD, RSI, CCI, Fractals","True","True","clean"
"Robot Forex 2051MAC (RUS).mq4","A","GridMartingale","62","MACD","True","True","clean"
"Robot_Forex_2014_Profesional__Live.mq4","A","Scalping","62","","True","True","clean"
"RSI&CCI DIVERGENCE V1.mq4","A","MultiStrategy","70","MA, MACD, RSI, CCI","True","True","clean"
"Sidus-EA-V3.20.mq4","A","GridMartingale","63","MA, RSI","True","True","clean"
"SMC USD JPY cci test.mq4","A","MultiStrategy","62","MA, MACD, RSI, CCI","True","True","clean"
"ultraea.mq4","A","Scalping","63","MA, RSI","True","True","clean"
"winscalper 2020.mq4","A","Scalping","63","RSI","True","True","clean"
"XMT Scalper v3.mq4","A","MeanReversal","63","MA, RSI, Bollinger","True","True","clean"
"AF-Global Expert Full.mq4","B","GridMartingale","58","RSI","True","True","clean"
"alex_v1_1.mq4","B","Scalping","51","","True","True","clean"
"ASSAR V10 Final.mq4","B","Scalping","49","","True","True","clean"
"Beast_EA_V4.mq4","B","GridMartingale","56","RSI","True","True","clean"
"Beast_EA_V5.mq4","B","GridMartingale","56","RSI","True","True","clean"
"beovb_buovb_bar.mq4","B","MeanReversal","49","RSI","True","True","clean"
"Black.mq4","B","Scalping","51","RSI","True","True","clean"
"Blessing 3 v3.9.6.09.mq4","B","MultiStrategy","51","MA, MACD, RSI, Stochastic, CCI, Bollinger, Donchian","False","True","clean"
"Breakeven.mq4","B","Trend","48","MA","True","True","clean"
"cm-Trade-System-201119.mq4","B","Scalping","50","RSI","True","True","clean"
"CRIPTOBOT EA - New Version 8.5.7.mq4","B","Trend","54","MA, MACD, RSI, Fractals","True","True","clean"
"Crypto Amazing Analysis 2.6.0.mq4","B","Trend","57","MA, MACD, RSI","True","True","clean"
"Dope.mq4","B","Scalping","54","RSI","True","True","clean"
"Dope_mod.mq4","B","Scalping","60","RSI","True","True","clean"
"Dope_mod_2.mq4","B","Scalping","60","RSI","True","True","clean"
"Doske_Scalping_EA_ver1.mq4","B","Scalping","59","MA","True","True","clean"
"Double(Ilan1_5&Ilan1_6).mq4","B","GridMartingale","54","","True","True","clean"
"Dragon Pips v2.02 Rev.mq4","B","Trend","54","MA","True","True","clean"
"e-Regr (2).mq4","B","Scalping","49","","True","True","clean"
"e-Regr.mq4","B","Scalping","49","","True","True","clean"
"EA - Budak Ubat v1.51.mq4","B","GridMartingale","61","Donchian","True","True","clean"
"EA Masyuk V3..mq4","B","Trend","54","MA","True","True","clean"
"EA Phoenix 2021.mq4","B","Scalping","54","RSI","True","True","clean"
"EA Phoenix 2021_edited.mq4","B","Scalping","52","","True","True","clean"
"EA Predator Pips.mq4","B","GridMartingale","49","MA","True","True","clean"
"EA Profit V10.mq4","B","Scalping","61","MA, RSI","True","True","clean"
"EA Pyramid 7.mq4","B","MeanReversal","52","RSI, Bollinger","True","True","clean"
"EA RoboFibo v.11.2.mq4","B","GridMartingale","61","MA, RSI","True","True","clean"
"EA Sarapan-Pagi_2.mq4","B","MeanReversal","50","MA, RSI, Stochastic","True","True","clean"
"EA SCALPERAUTOPILOT.mq4","B","Scalping","55","MA, RSI","True","True","clean"
"EA Scalping Asia.mq4","B","Scalping","51","Pivot","True","True","clean"
"EA Smart Neural V1.mq4","B","GridMartingale","49","MA","True","True","clean"
"EA SPARTAN BOLT_.mq4","B","GridMartingale","58","MA","True","True","clean"
"EA-2MACrossover_v1-0.mq4","B","Trend","52","MA, RSI","True","True","clean"
"Ea-Tesshinso.mq4","B","Scalping","54","RSI","True","True","clean"
"EasyRobot.mq4","B","Scalping","55","RSI","True","True","clean"
"engulfing EA.mq4","B","MeanReversal","49","RSI","True","True","clean"
"FEDTM Billioner.mq4","B","Scalping","48","RSI","True","True","clean"
"FiboPivotandRSI.mq4","B","Scalping","53","RSI, Pivot","True","True","clean"
"Firebird MC v058.mq4","B","GridMartingale","48","MA, Donchian","True","True","clean"
"Firebird MC v0581.mq4","B","GridMartingale","48","MA, Donchian","True","True","clean"
"Firebird MC v0582.mq4","B","GridMartingale","48","MA, Donchian","True","True","clean"
"Firebird MC v0583.mq4","B","GridMartingale","48","MA, Donchian","True","True","clean"
"Firebird v0.55.mq4","B","GridMartingale","48","MA","True","True","clean"
"Firebird v0.57.mq4","B","GridMartingale","48","MA, Donchian","True","True","clean"
"Firebird v0.63.mq4","B","GridMartingale","48","MA, Donchian","True","True","clean"
"Firebird v0.64.mq4","B","GridMartingale","48","MA, Donchian","True","True","clean"
"Firebird v0.65.mq4","B","GridMartingale","48","MA, Donchian","True","True","clean"
"Firebird v01.57.mq4","B","GridMartingale","48","MA, Donchian","True","True","clean"
"Firebird v060.mq4","B","GridMartingale","48","MA, Donchian","True","True","clean"
"Firebird v065tf.mq4","B","GridMartingale","51","MA, Donchian","True","True","clean"
"Firebird v0_58_JD.mq4","B","GridMartingale","48","MA, Donchian","True","True","clean"
"Firebird v0_58_symbol_fix.mq4","B","GridMartingale","48","MA, Donchian","True","True","clean"
"Firebird v63 TVD1.mq4","B","GridMartingale","50","MA, Donchian","True","True","clean"
"Firebird v63 TVD2.mq4","B","GridMartingale","50","MA, Donchian","True","True","clean"
"Firebird v63B1.mq4","B","GridMartingale","48","MA, Donchian","True","True","clean"
"Firebird v63D1.mq4","B","GridMartingale","54","MA, Donchian","True","True","clean"
"Firebird_v0_60_deaz1.mq4","B","GridMartingale","48","MA, Donchian","True","True","clean"
"Forex Robotron v1.3_fix_x.mq4","B","MeanReversal","56","RSI","True","True","clean"
"FreeScalper.mq4","B","Scalping","51","RSI","True","True","clean"
"FX87 code.mq4","B","Scalping","60","RSI","True","True","clean"
"GEBA ROBOT.mq4","B","Trend","54","MA, ADX, RSI","True","True","clean"
"GEBA ROBOT2.mq4","B","Trend","54","MA, ADX, RSI","True","True","clean"
"Generic v13.20.mq4","B","MeanReversal","52","MA, RSI, CCI, Bollinger, Donchian","True","True","clean"
"GoWithFlow.mq4","B","GridMartingale","52","MA","True","True","clean"
"Grid_Template.mq4","B","GridMartingale","52","RSI","True","True","clean"
"high profit EA.mq4","B","GridMartingale","57","MA","True","True","clean"
"iCustom-EA-V3.15.mq4","B","GridMartingale","58","MA, RSI","True","True","clean"
"icwr1.12.mq4","B","Trend","50","MA, RSI","True","True","clean"
"icwr1.12Bx.mq4","B","Trend","50","MA, RSI","True","True","clean"
"icwr1.13x.mq4","B","Trend","50","MA, RSI","True","True","clean"
"icwr1.17.mq4","B","Trend","53","MA, ADX, RSI","True","True","clean"
"icwr1.19.mq4","B","Trend","53","MA, ADX, RSI","True","True","clean"
"icwr1.20.mq4","B","Trend","53","MA, ADX, RSI","True","True","clean"
"icwr19.mq4","B","Trend","53","MA, ADX, RSI","True","True","clean"
"icwr2.19.mq4","B","Trend","53","MA, ADX, RSI","True","True","clean"
"IKONIKROBOT.(EA).mq4","B","GridMartingale","50","MA, RSI","True","True","clean"
"Ilan-1.8.mq4","B","GridMartingale","59","","True","True","clean"
"Ilan-Combi V2.1.mq4","B","GridMartingale","61","MA, DeMarker","True","True","clean"
"Ilan-Combi _Dinamic.mq4","B","GridMartingale","61","MA, DeMarker","True","True","clean"
"Ilan-Trio V1.2.mq4","B","GridMartingale","56","RSI","True","True","clean"
"Ilan-Trio V1.33.mq4","B","GridMartingale","56","RSI","True","True","clean"
"Ilan-Trio V1.43.mq4","B","GridMartingale","56","RSI","True","True","clean"
"Ilan-Trio V1.45.4.mq4","B","GridMartingale","60","RSI","True","True","clean"
"Ilan-Trio V1.47.mq4","B","GridMartingale","58","RSI","True","True","clean"
"Ilan1.6.Prof6.mq4","B","GridMartingale","57","","True","True","clean"
"Ilan_16TD_CCI_1.3.mq4","B","MeanReversal","59","RSI, CCI","True","True","clean"
"Ilan_16TD_SCT.mq4","B","MeanReversal","59","RSI, CCI","True","True","clean"
"Ilan_HiLo_RSI.mq4","B","GridMartingale","59","RSI","True","True","clean"
"Ilan_HiLo_RSI_Dinamic.mq4","B","GridMartingale","59","RSI","True","True","clean"
"Ilan_HiLo_RSI_fixed_by_Vespertilio.mq4","B","GridMartingale","59","RSI","True","True","clean"
"Ilan_T1000_Plus2.mq4","B","Scalping","59","RSI","True","True","clean"
"Ilan_Tren_AHP_2010.mq4","B","GridMartingale","57","","True","True","clean"
"ILAN_TURBO_BETA_v.4.5.11_Plus.mq4","B","Scalping","59","RSI","True","True","clean"
"ILAN_TURBO_BETA_v.4.5.1_Plus_PcntM.mq4","B","Scalping","58","RSI","True","True","clean"
"Ilan_VS_TrendTrading_LastTP_v1_2.mq4","B","GridMartingale","51","CCI","True","True","clean"
"Ilan_VS_TrendTrading_Trail.mq4","B","GridMartingale","51","CCI","True","True","clean"
"IS Black EA.mq4","B","GridMartingale","48","RSI","True","True","clean"
"janda tukang rename.mq4","B","Scalping","54","RSI","True","True","clean"
"KGFv1.mq4","B","GridMartingale","58","RSI","True","True","clean"
"MACD Sample.mq4","B","Trend","52","MA, MACD","True","True","clean"
"MaHadgeEA.mq4","B","Scalping","56","MA, RSI","True","True","clean"
"MA_Cross_with_Exit_EA.mq4","B","Scalping","55","MA","True","True","clean"
"Mission Impossible Power Two Open Version 2.mq4","B","GridMartingale","52","RSI","True","True","clean"
"Money Hunter_Modified _Ea _fixed lot.mq4","B","Scalping","54","RSI","True","True","clean"
"MorFX Gold Digger A+.mq4","B","GridMartingale","59","RSI","True","True","clean"
"MQLTA MT4 High Low Trailing Stop.mq4","B","Scalping","49","MA, RSI","True","False","clean"
"MR dollar_Pending Orders EA V6.1.mq4","B","Scalping","51","","True","True","clean"
"MR.dollar_Pending Orders EA V5.5.mq4","B","Scalping","51","","True","True","clean"
"MR.dollar_Pending Orders EA V6.1.mq4","B","Scalping","51","","True","True","clean"
"muhsinEA.mq4","B","Trend","61","MA, RSI","True","True","clean"
"Multi Lot Scalper.mq4","B","Scalping","59","RSI, Pivot","True","True","clean"
"Multi-Lot Scalper.mq4","B","Scalping","54","Pivot","True","True","clean"
"multilot scalper.mq4","B","Scalping","53","RSI, Pivot","True","True","clean"
"MultiTrader.mq4","B","Trend","49","MA, RSI","True","True","clean"
"Multi_Lot_Scalper.mq4","B","Scalping","54","Pivot","True","True","clean"
"Multi_Lot_Scalper1.mq4","B","Scalping","54","Pivot","True","True","clean"
"Multi_Lot_Scalper_A.mq4","B","Scalping","54","Pivot","True","True","clean"
"Multi_Lot_Scalper_Psars.mq4","B","Scalping","54","Pivot","True","True","clean"
"Multi_Lot_Scalper_Psars1.mq4","B","Scalping","54","Pivot","True","True","clean"
"Multi_Lot_Scalper_PsarsV1.mq4","B","Scalping","56","RSI, Pivot","True","True","clean"
"Multi_Lot_Scalper_P_D1_JLY4.mq4","B","Scalping","53","RSI, Pivot","True","True","clean"
"Multi_Lot_Scalper_P_DAY_MT4.mq4","B","GridMartingale","54","RSI, Donchian","True","True","clean"
"Multi_Lot_Scapler_P_DAY_JLY.mq4","B","Scalping","53","RSI, Pivot","True","True","clean"
"Multi_Lot_Scapler_P_DAY_JLY1.mq4","B","Scalping","53","RSI, Pivot","True","True","clean"
"Multi_Lot_Scapler_P_DAY_JLY2.mq4","B","Scalping","53","RSI, Pivot","True","True","clean"
"Multi_Lot_Scapler_P_DAY_JLY3.mq4","B","Scalping","53","RSI, Pivot","True","True","clean"
"Multi_Lot_Scapler_P_DAY_MT4.mq4","B","GridMartingale","54","RSI, Donchian","True","True","clean"
"Multi_Lot_Scapler_P_DAY_MT41.mq4","B","GridMartingale","54","RSI, Donchian","True","True","clean"
"MY MILLIONS EA.mq4","B","Scalping","57","MA, RSI","True","False","clean"
"my10trend.mq4","B","GridMartingale","52","RSI","True","True","clean"
"MyLuckyProV04p.mq4","B","MeanReversal","49","RSI","True","True","clean"
"My_First_Adviser.mq4","B","MeanReversal","49","MA, RSI, Bollinger","True","False","clean"
"NASDAQ Robotron.mq4","B","Scalping","53","RSI","True","True","clean"
"News Traders Mt4 v01.mq4","B","Scalping","54","RSI","True","True","clean"
"News Trading Pending Order EA v1.6.mq4","B","Scalping","54","RSI","True","True","clean"
"News_Grabber_Limit.mq4","B","Scalping","49","","True","True","clean"
"News_Traders_Mt4_v01.mq4","B","Scalping","54","RSI","True","True","clean"
"Noah10pips2006.mq4","B","Scalping","54","","True","True","clean"
"Nrtr_revers_www_forex-instruments_info.mq4","B","Scalping","51","","True","True","clean"
"NTK_07.mq4","B","Scalping","55","MA","True","True","clean"
"NY breakout v0.10.mq4","B","Scalping","54","MA","True","True","clean"
"NY breakout v0.11.mq4","B","Scalping","54","MA","True","True","clean"
"NY breakout v01.11.mq4","B","Scalping","54","MA","True","True","clean"
"oilfxpro_gold_breakouts_freeversion.mq4","B","Scalping","53","RSI","True","True","clean"
"OmegaTrendEA_v7.0_EURUSD.mq4","B","Trend","49","MA, Pivot","True","True","clean"
"pedroXXmod.mq4","B","Scalping","49","","True","True","clean"
"Pegasus.mq4","B","Scalping","49","MA","True","True","clean"
"PerfectEA v3.3.mq4","B","GridMartingale","58","RSI","True","True","clean"
"PerfectEA.mq4","B","GridMartingale","58","RSI","True","True","clean"
"phoenixea.mq4","B","Scalping","49","MA","True","True","clean"
"Phoenix_4_CONTEST(2).mq4","B","Scalping","49","MA","True","True","clean"
"phoenix_ea_v5_7_3_nmc.mq4","B","MeanReversal","61","MA, RSI, CCI","True","True","clean"
"PipeBomb_EA.mq4","B","Trend","54","MA","True","True","clean"
"PipsCut-v2.0 -edu.mq4","B","GridMartingale","54","","True","True","clean"
"Profit Seven EA 2.mq4","B","GridMartingale","58","MA","True","True","clean"
"Profit Seven EA2.mq4","B","GridMartingale","57","MA","True","True","clean"
"Reverse_Martingale_V3.mq4","B","GridMartingale","55","MA, RSI","True","True","clean"
"Robot Forex 2009 Profesional Demo~.mq4","B","Scalping","55","MA","True","True","clean"
"Robot Forex 2009 Profesional Full.mq4","B","Scalping","55","MA","True","True","clean"
"Robot Forex 2013 Profesional Demo~.mq4","B","GridMartingale","60","","True","True","clean"
"RobotPowerM5_meta4V1.mq4","B","Scalping","56","MA, Stochastic","True","True","clean"
"Robot_ADX+2MA.mq4","B","Trend","52","MA, ADX, RSI","True","True","clean"
"Robot_PowerM5-m .mq4","B","Scalping","52","","True","True","clean"
"RoNz Auto SL-TS-TP.mq4","B","Scalping","48","RSI","True","True","clean"
"RoNz_Auto_SL-TS-TP.mq4","B","Scalping","48","RSI","True","True","clean"
"RPLine_v01H1.ex4.mq4","B","Scalping","52","MA","True","True","clean"
"rsi_ea.mq4","B","Trend","54","MA, MACD, RSI","True","False","clean"
"RSI_EA1.mq4","B","Trend","54","MA, MACD, RSI","True","False","clean"
"RSI_Value_EA.mq4","B","Scalping","50","RSI","True","True","clean"
"RSI_Value_v2.mq4","B","Scalping","50","RSI","True","True","clean"
"RTC4NNCS-TRIAL~.mq4","B","Scalping","57","MA, RSI, Pivot","True","True","clean"
"RuleBaruSajaTercetus.mq4","B","MeanReversal","49","RSI","True","True","clean"
"Rutka.mq4","B","Scalping","49","MA","True","True","clean"
"Rutka1.mq4","B","Scalping","49","MA","True","True","clean"
"Rutka1_50.mq4","B","Scalping","49","MA","True","True","clean"
"Rutka1_50SMMA.mq4","B","Scalping","49","MA","True","True","clean"
"S-R.original.mq4","B","Breakout","52","","True","True","clean"
"S.A.R.A..mq4","B","Scalping","58","MA","True","True","clean"
"samsamov_after_close.mq4","B","Trend","49","MA, RSI","True","True","clean"
"ScalperAngelsEA.mq4","B","GridMartingale","58","RSI","True","True","clean"
"Secure profit.mq4","B","Trend","48","MA","True","True","clean"
"Secure profit_v1.1.mq4","B","Trend","53","MA","True","True","clean"
"Secure profit_v1.2.mq4","B","Trend","53","MA","True","True","clean"
"Sell_Buy Scalper_agr.mq4","B","Scalping","55","MA","True","True","clean"
"SemiLong.mq4","B","Scalping","56","MA","True","True","clean"
"Semilong_www.forex-instruments.info.mq4","B","Scalping","56","MA","True","True","clean"
"SergeyGukach.mq4","B","MeanReversal","51","RSI, Fractals","True","True","clean"
"Sergey_0.2.mq4","B","Scalping","53","Fractals","True","True","clean"
"Session breakout v0.25.mq4","B","Trend","50","MA","True","True","clean"
"Session breakout v0.26.mq4","B","Scalping","54","MA","True","True","clean"
"Session breakout v01.26.mq4","B","Scalping","54","MA","True","True","clean"
"Session breakout v01_mbk.mq4","B","Trend","48","MA","True","True","clean"
"SHE_Baluev_Pro.mq4","B","Breakout","49","","True","True","clean"
"SHE_Baluev_Real.mq4","B","Breakout","49","","True","True","clean"
"SHE_Lucky.mq4","B","Trend","48","MA","True","True","clean"
"SHE_Lucky_reinvest.mq4","B","Trend","48","MA","True","True","clean"
"SHE_Lucky_reinvest_V.mq4","B","Trend","48","MA","True","True","clean"
"ShockBar_v_1_1.mq4","B","GridMartingale","59","","True","True","clean"
"SilverTrendExpert_V2a.mq4","B","Scalping","58","MA","True","True","clean"
"SilverTrendTrader(xyz).mq4","B","Scalping","58","MA, DeMarker","True","True","clean"
"SilverTrendTrader.mq4","B","Scalping","58","MA, DeMarker","True","True","clean"
"SilverTrendTrader_v3.mq4","B","Trend","56","MA, ADX","True","True","clean"
"SilverTrendTrader_v3_JMA.mq4","B","Scalping","53","ADX","True","True","clean"
"SilverTrendTrader_v3_JTPO.mq4","B","Scalping","53","ADX","True","True","clean"
"SilverTrendTrader_v3_JTPO1.mq4","B","Scalping","53","ADX","True","True","clean"
"SilverTrendTrader_v4.mq4","B","Scalping","53","MA","True","True","clean"
"SilverTrendTrader_v4_JTPO.mq4","B","Scalping","53","ADX","True","True","clean"
"SilverTrendTrader_v5.mq4","B","Scalping","53","MA","True","True","clean"
"SilverTrendTrader_v6.mq4","B","Scalping","53","MA","True","True","clean"
"SilverTrendTrader_v7.mq4","B","Scalping","55","MA, CCI","True","True","clean"
"SilverTrendV3 (2).mq4","B","Scalping","53","ADX","True","True","clean"
"SilverTrendV3.mq4","B","Scalping","53","ADX","True","True","clean"
"Simple Expert Advisor.mq4","B","Scalping","51","MA","True","True","clean"
"Simple Stoch Divergence EA.mq4","B","MeanReversal","59","MA, Stochastic, Bollinger","True","True","clean"
"simple-macd-EA.mq4","B","Trend","50","MA, MACD","True","False","clean"
"Simple-macd-ea_www_forex-instruments_info.mq4","B","Trend","50","MA, MACD","True","False","clean"
"SimpleH1_GBPUSD_EAv9.mq4","B","Scalping","53","MA, Fractals","True","True","clean"
"SimpleSAR_EA2.mq4","B","Scalping","49","","True","True","clean"
"simple_copier.mq4","B","MeanReversal","49","RSI","True","True","clean"
"simple_ma_cross_ea.mq4","B","Trend","50","MA","True","True","clean"
"sixperiod_v31.mq4","B","Scalping","49","MA","True","True","clean"
"SLR_FXPROFIT.mq4","B","Trend","48","MA","True","True","clean"
"SLR_MoneyRain.mq4","B","Trend","48","MA","True","True","clean"
"SMC Autotrader Momentum.mq4","B","Scalping","49","MA","True","True","clean"
"SMC eur usd(28AUG05).mq4","B","Trend","54","MA, MACD, RSI","True","True","clean"
"SMC HiLo v1.1.mq4","B","Scalping","49","MA","True","True","clean"
"SMC HiLo v11.1.mq4","B","Scalping","49","MA","True","True","clean"
"SMC HiLo v11.mq4","B","Scalping","49","MA","True","True","clean"
"SMC MA 3BAR.mq4","B","Scalping","49","MA","True","True","clean"
"SMC MA xover.mq4","B","Scalping","53","MA","True","True","clean"
"SMC MA.mq4","B","Scalping","53","MA","True","True","clean"
"SMC MACD new idea.mq4","B","Trend","52","MA, MACD","True","True","clean"
"SMC Manual EA limit and_or stop order.mq4","B","Scalping","48","Donchian","True","True","clean"
"SMC Manual EA with seperation.mq4","B","Scalping","51","MA, Donchian","True","True","clean"
"SMC Manual EA.mq4","B","Scalping","51","MA, Donchian","True","True","clean"
"SMC Trader 2 MAs 12 26 EMA Basic.mq4","B","Scalping","49","MA","True","True","clean"
"SMC Trader 2 MAs 5 20 EMA.mq4","B","Scalping","49","MA","True","True","clean"
"SMC Trader 2 MAs 5 20 EMA1.mq4","B","Scalping","49","MA","True","True","clean"
"SMC Trader Aroon V1.3.mq4","B","Scalping","51","MACD, CCI","True","True","clean"
"SMC Trader Camel CCI MACD -ron02.mq4","B","Trend","53","MA, MACD, CCI","True","True","clean"
"SMC Trader Kurt v2.mq4","B","Trend","54","MA, MACD, RSI","True","True","clean"
"SMC-1.mq4","B","Scalping","51","MA, Donchian","True","True","clean"
"SMC_Shell.mq4","B","GridMartingale","48","MA","True","True","clean"
"SniperEA-V3.11_UNI.mq4","B","GridMartingale","56","MA","True","True","clean"
"souce of fx pips blaster.mq4","B","GridMartingale","57","MA","True","True","clean"
"Tesshinso.mq4","B","Scalping","54","RSI","True","True","clean"
"THV EA v2.mq4","B","Scalping","49","MA","True","True","clean"
"tiger.mq4","B","Trend","54","MA, ADX, RSI","True","True","clean"
"Trade Manager.mq4","B","Scalping","50","RSI","True","True","clean"
"Trailing Buy Stop.mq4","B","Scalping","49","","True","True","clean"
"Trailing Sell Stop.mq4","B","Scalping","49","","True","True","clean"
"Trailing Stop 5.mq4","B","Scalping","49","","True","True","clean"
"TrailingStop.mq4","B","Scalping","49","","True","True","clean"
"TrailingUdavka.mq4","B","Scalping","49","","True","True","clean"
"TrailingWithPartialClose.mq4","B","Scalping","53","MA, RSI","True","True","clean"
"TrailMe.mq4","B","Scalping","49","","True","True","clean"
"TrailMe1.mq4","B","Scalping","49","","True","True","clean"
"Trend Moving Average.mq4","B","GridMartingale","48","MA, RSI","True","True","clean"
"Trend Racing 3.51 ME Lite_tral_lasttp.mq4","B","MeanReversal","57","ADX, RSI, CCI","True","True","clean"
"Trend Racing 3.57 ME Lite.mq4","B","MeanReversal","53","ADX, RSI, CCI","True","True","clean"
"TrendlineOrder.mq4","B","Scalping","51","","True","True","clean"
"TrendScalper_GTR_beta.mq4","B","Scalping","53","","True","True","clean"
"TrendScalper_TR.mq4","B","Scalping","53","","True","True","clean"
"TrendScalper_TR1.mq4","B","Scalping","53","","True","True","clean"
"TrendScalper_TR_loosetest.mq4","B","Scalping","53","","True","True","clean"
"TrendScalper_TR_opbartr.mq4","B","Scalping","53","","True","True","clean"
"TrendTrading_EA_v1.1.mq4","B","Trend","57","MA, ADX","True","True","clean"
"TripleMA_Crossover_EA.mq4","B","Scalping","58","MA","True","True","clean"
"TripleMA_Crossover_expert.mq4","B","Scalping","58","MA","True","True","clean"
"TripleMA_Crossover_expert1.mq4","B","Scalping","58","MA","True","True","clean"
"TripleMA_Crossover_expert2.mq4","B","Scalping","58","MA","True","True","clean"
"Trix_EA.mq4","B","Scalping","54","MA","True","True","clean"
"True Scalper V11 Sergey.mq4","B","Scalping","53","MA, RSI","True","True","clean"
"True Scalper v4.mq4","B","Scalping","52","MA, RSI","True","True","clean"
"TrueBald.mq4","B","Scalping","53","MA","True","True","clean"
"TrueScalper_Ron_MT4_v02a TS.mq4","B","Scalping","56","MA, RSI, Donchian","True","True","clean"
"TrueScalper_Ron_MT4_v02a.mq4","B","Scalping","56","MA, RSI","True","True","clean"
"TrueScalper_Ron_MT4_v02a1.mq4","B","Scalping","56","MA, RSI","True","True","clean"
"TrueScalper_Ron_MT4_v04(08SEP05).mq4","B","Scalping","52","MA, RSI","True","True","clean"
"TrueScalper_Ron_MT4_v04.mq4","B","Scalping","52","MA, RSI","True","True","clean"
"TrueScalper_Ron_MT4_v041.mq4","B","Scalping","52","MA, RSI","True","True","clean"
"TrueScalper_Ron_MT4_v111.mq4","B","Scalping","53","MA, RSI","True","True","clean"
"TrueScalper_Ron_MT4_v112.mq4","B","Scalping","53","MA, RSI","True","True","clean"
"TrueScalper_Ron_Ruby_MT4_v111.mq4","B","Scalping","53","MA, RSI","True","True","clean"
"TRUE_SCALPER_V11b.mq4","B","Scalping","56","MA, RSI","True","True","clean"
"TurtleTraderV1_0_1.mq4","B","MultiStrategy","59","MA, ADX, RSI, Stochastic, CCI","True","True","clean"
"Two_MA_Cross.mq4","B","Scalping","56","MA, RSI","True","True","clean"
"Two_MA_Cross_EA.mq4","B","Scalping","55","MA","True","True","clean"
"virtual_trailing_stop.mq4","B","Scalping","48","","True","True","clean"
"Waygrow_edu v1.8 best.mq4","B","Scalping","59","MA, RSI","True","True","clean"
"XAU-iNDEX.mq4","B","GridMartingale","50","MA, RSI, Pivot","True","True","clean"
"XMT-Scalper_v2.45.mq4","B","MeanReversal","57","MA, RSI, Bollinger","True","True","clean"
"XMT-Scalper_v2.461.mq4","B","MeanReversal","57","MA, RSI, Bollinger","True","True","clean"
"XMT-Scalper_v2.522.mq4","B","MeanReversal","57","MA, RSI, Bollinger, Donchian","True","True","clean"
"XMT-Scalper_v2.mq4","B","MeanReversal","57","MA, RSI, Bollinger","True","True","clean"
"Adenan Scalping.mq4","C","GridMartingale","33","MA","True","True","obfuscated"
"AF-Investing.Cv.mq4","C","GridMartingale","41","RSI","False","True","clean"
"Algo Samurai.mq4","C","Unknown","37","","True","True","clean"
"amingrid.mq4","C","GridMartingale","43","MA, RSI","True","False","clean"
"another martingale fix.mq4","C","GridMartingale","46","MA, RSI","True","True","clean"
"AsiaScalperPro_.mq4","C","Scalping","12","","False","True","obfuscated"
"Auto Trading_v2.02.mq4","C","Trend","36","MA, RSI","False","False","clean"
"B l u e .mq4","C","Unknown","22","","False","True","clean"
"B l u e 2.mq4","C","Unknown","22","","False","True","clean"
"BEAST SUPER SIGNAL EXPERT ADVISOR.mq4","C","Unknown","10","","False","False","clean"
"Best-Grider.mq4","C","GridMartingale","43","RSI","True","False","clean"
"Big Rise EA.mq4","C","Unknown","10","","False","False","clean"
"BigRise EA.mq4","C","MeanReversal","42","RSI","True","False","clean"
"Bismillah Hedge..mq4","C","Breakout","32","","False","False","clean"
"BlessingLite-gamma.mq4","C","Trend","34","MA, RSI","False","False","clean"
"Blessing_3_v3.9.6.18.mq4","C","MeanReversal","28","RSI","False","False","clean"
"BLUE GOLD EA (FMP.SA).mq4","C","Unknown","10","","False","False","clean"
"Bollinger_Bands_Exit_Strategy.mq4","C","Trend","41","MA, Bollinger","False","True","clean"
"Boom EA.mq4","C","Unknown","31","RSI","True","False","clean"
"bot gold.mq4","C","Unknown","37","","True","True","clean"
"BreakOutBoxesV2.06.mq4","C","Breakout","40","","True","False","clean"
"Calculate Trendline Script.mq4","C","Unknown","14","","False","False","clean"
"CalendarFX-DeactivateEAs_v1.02_danEdit.mq4","C","Trend","39","MA, RSI","False","True","clean"
"ClickCloseAllv01.mq4","C","MeanReversal","33","RSI","False","False","clean"
"Close all positions at profit target v1.1.mq4","C","Breakout","29","","False","False","clean"
"Close All.mq4","C","MeanReversal","30","RSI","False","False","clean"
"Close Losses.mq4","C","MeanReversal","30","RSI","False","False","clean"
"Close Open.mq4","C","MeanReversal","30","RSI","False","False","clean"
"Close Pendings.mq4","C","MeanReversal","30","RSI","False","False","clean"
"Close Profits.mq4","C","MeanReversal","30","RSI","False","False","clean"
"CloseAfterXpips EA.mq4","C","Unknown","23","","False","True","clean"
"CloseAllTrades.mq4","C","Breakout","26","","False","False","clean"
"CloseAllTradesBuy.mq4","C","Unknown","14","","False","False","clean"
"CloseAllTradesBuyCurrent.mq4","C","Unknown","14","","False","False","clean"
"CloseAllTradesCurrent.mq4","C","Breakout","26","","False","False","clean"
"CloseAllTradesOpened.mq4","C","Unknown","14","","False","False","clean"
"CloseAllTradesOpenedCurrent.mq4","C","Unknown","14","","False","False","clean"
"CloseAllTradesPending.mq4","C","Breakout","26","","False","False","clean"
"CloseAllTradesPendingCurrent.mq4","C","Breakout","26","","False","False","clean"
"CloseAllTradesSell.mq4","C","Unknown","14","","False","False","clean"
"CloseAllTradesSellCurrent.mq4","C","Unknown","14","","False","False","clean"
"CloseAtProfit.mq4","C","Breakout","42","","True","False","clean"
"closeattime.mq4","C","Breakout","36","","False","True","clean"
"closetrades_after_account_loss_toomuch.mq4","C","Unknown","19","","False","False","clean"
"CTG-Modify_Date.mq4","C","MeanReversal","33","RSI","False","True","clean"
"Daily_Research.mq4","C","Unknown","19","","False","True","clean"
"day open .mq4","C","MeanReversal","36","RSI","False","True","clean"
"Daydream01.mq4","C","Unknown","24","Donchian","False","True","clean"
"DeleteAllObjects.mq4","C","MeanReversal","33","RSI","False","True","clean"
"Dragon Expert Advisor v4.1 updated 2019 .mq4","C","MeanReversal","37","MA, RSI, CCI","False","True","clean"
"Dream EA.mq4","C","Scalping","34","RSI","False","False","clean"
"Dreko.mq4","C","MeanReversal","20","RSI","True","False","obfuscated"
"EA for Set TP-SL.mq4","C","Unknown","33","","True","True","clean"
"EA noName(1).mq4","C","GridMartingale","46","MA, RSI, Fractals, Donchian","True","True","clean"
"Ea Scalper FX Finish_.mq4","C","GridMartingale","26","","True","False","obfuscated"
"EA-HOKKYDJONG.mq4","C","Unknown","5","","True","True","obfuscated"
"EA_Close_All_v5.mq4","C","MeanReversal","31","RSI","False","False","clean"
"EA_eurusd m15.mq4","C","MeanReversal","31","Stochastic","False","False","clean"
"EA_LUCRE.mq4","C","Unknown","5","","True","True","obfuscated"
"EA_TheOne.mq4","C","Scalping","29","RSI","True","True","obfuscated"
"Elite_eFibo_Trader_v2_1.mq4","C","Breakout","47","","True","True","clean"
"EquityGuard1.2c.mq4","C","Trend","34","MA","False","False","clean"
"EuroScalper MQ4 source.mq4","C","GridMartingale","27","RSI","True","True","obfuscated"
"Exclusive Scalping EA.mq4","C","Scalping","45","RSI","True","True","clean"
"Fast Scalper.mq4","C","GridMartingale","43","RSI","True","False","clean"
"FFCal Panel (Black).mq4","C","Trend","34","MA","False","True","clean"
"FFCal.mq4","C","MeanReversal","33","RSI","False","True","clean"
"Find Data Holes.mq4","C","Unknown","19","","False","True","clean"
"Firebird v0.50(26JUL05).mq4","C","GridMartingale","46","MA","True","True","clean"
"Firebird v0.50.mq4","C","GridMartingale","46","MA","True","True","clean"
"Firebird v0.51.mq4","C","GridMartingale","46","MA, Pivot","True","True","clean"
"Firebird v0.56 [ea].mq4","C","Unknown","0","","False","False","unknown"
"Firebird v0.57 [ea].mq4","C","Unknown","0","","False","False","unknown"
"Firebird v0.58 [ea].mq4","C","Unknown","0","","False","False","unknown"
"Firebird v0.60 [ea].mq4","C","Unknown","0","","False","False","unknown"
"Firebird v0.61.01 [ea].mq4","C","Unknown","0","","False","False","unknown"
"Firebird v0.61.01 [ea]5.mq4","C","Unknown","0","","False","False","unknown"
"Firebird v0.62 [ea].mq4","C","Unknown","0","","False","False","unknown"
"Firebird v0.63 [ea].mq4","C","Unknown","0","","False","False","unknown"
"Firebird v3[1].2-fixed.mq4","C","Unknown","0","","False","False","unknown"
"Firebird_v0[1].60__ea_.mq4","C","Unknown","0","","False","False","unknown"
"Firestats v0.5.mq4","C","Trend","34","MA","False","True","clean"
"FlyBot EA 2.0.mq4","C","Scalping","34","RSI","False","False","clean"
"FlyBot EA.mq4","C","Scalping","32","RSI","False","False","clean"
"Forex Fireball by Forex Robot Nation~.mq4","C","Unknown","9","","True","True","obfuscated"
"Forex hacked Pro~.mq4","C","Scalping","26","MA","True","True","obfuscated"
"Forex PiP Killer .mq4","C","Unknown","14","","False","False","clean"
"Forex-Gold-Trader-V.2.0.mq4","C","Unknown","22","","False","True","clean"
"forex50pips.mq4","C","Trend","37","MA","False","True","clean"
"ForexMission.mq4","C","Trend","30","MA, MACD","True","True","obfuscated"
"FoZo System.mq4","C","MeanReversal","32","RSI","False","False","clean"
"Fracture-7.4.0.mq4","C","Trend","40","MA, ADX, Fractals","False","False","clean"
"fx street 2.mq4","C","MeanReversal","31","RSI","False","False","clean"
"FXCore100.mq4","C","MeanReversal","36","RSI, Stochastic","False","True","clean"
"FXMIND SCALPANDO H1 STANDARD 300$.mq4","C","GridMartingale","32","RSI","True","True","obfuscated"
"FXMIND SCALPANDO H1 STANDARD.mq4","C","GridMartingale","32","RSI","True","True","obfuscated"
"Ghost EA.mq4","C","Scalping","32","RSI","False","False","clean"
"Gold Rush Pro Source Code.mq4","C","GridMartingale","24","RSI","False","False","clean"
"GOLD SMART EA 1.mq4","C","Trend","37","MA","False","True","clean"
"Gold.mq4","C","MeanReversal","47","RSI","True","True","clean"
"Golden EA.mq4","C","Unknown","31","RSI","True","False","clean"
"Golden Owl source code.mq4","C","GridMartingale","31","MA, RSI","False","True","clean"
"Good good.mq4","C","GridMartingale","15","Stochastic","True","True","obfuscated"
"GPSForexRobotEURGBP_edu.mq4","C","Trend","40","MA","False","True","clean"
"GPSForexRobotEURUSD_edu.mq4","C","Trend","40","MA","False","True","clean"
"GPSForexRobotUSDCHF_edu.mq4","C","Trend","40","MA","False","True","clean"
"Grail.mq4","C","MeanReversal","47","RSI","True","True","clean"
"H4_BreakOut_Cycle_V1a.mq4","C","MeanReversal","44","RSI","True","True","clean"
"Hide Trendline Script.mq4","C","Unknown","14","","False","False","clean"
"ichi_scalper_allpairs_v52.mq4","C","Trend","33","MA","False","False","clean"
"iCustom_EA1.mq4","C","GridMartingale","46","RSI","True","True","clean"
"icwr.6.mq4","C","MeanReversal","47","RSI","True","True","clean"
"icwr.7.mq4","C","MeanReversal","47","RSI","True","True","clean"
"icwr.8.mq4","C","MeanReversal","47","RSI","True","True","clean"
"icwr.9.mq4","C","MeanReversal","47","RSI","True","True","clean"
"icwr.mq4","C","MeanReversal","47","RSI","True","True","clean"
"icwr1.5.mq4","C","MeanReversal","47","RSI","True","True","clean"
"icwr1.mq4","C","MeanReversal","47","RSI","True","True","clean"
"icwr2.2.mq4","C","MeanReversal","47","RSI","True","True","clean"
"icwr2.mq4","C","MeanReversal","47","RSI","True","True","clean"
"Ikarus_2.0.mq4","C","MeanReversal","37","RSI, CCI","False","True","clean"
"ILAN TURBO BETA v.4.5.1 +Mear.mq4","C","MeanReversal","39","RSI","False","True","clean"
"Ilan_Exstra_Friday-from_Martingeil.mq4","C","GridMartingale","43","","False","True","clean"
"Ilan_Lite_1.mq4","C","Unknown","25","","False","True","clean"
"Ilan_RSI_mm_extr18.mq4","C","GridMartingale","37","MA","False","True","clean"
"Ilan_RSI_mm_extr192_rrr.mq4","C","GridMartingale","34","","False","True","clean"
"Indicator Max Pips.mq4","C","Trend","45","MA","True","True","clean"
"Investing.mq4","C","GridMartingale","41","RSI","False","True","clean"
"Iron Scalper EA.mq4","C","GridMartingale","46","MA, RSI","True","False","clean"
"IS Blue EA 2.0.mq4","C","GridMartingale","42","RSI","True","True","clean"
"IS Green EA 2.0.mq4","C","GridMartingale","46","RSI","True","True","clean"
"IS Green EA.mq4","C","GridMartingale","46","RSI","True","True","clean"
"IS Grey EA (Safe Mod).mq4","C","Unknown","33","MA, RSI","True","True","clean"
"IS Grey EA.mq4","C","Unknown","33","MA, RSI","True","True","clean"
"IS Light EA 2.0.mq4","C","GridMartingale","35","MA, RSI","False","True","clean"
"IS Light EA.mq4","C","Unknown","37","MA, RSI","True","True","clean"
"IS Lime EA.mq4","C","Unknown","33","MA, RSI","True","True","clean"
"IS Orange EA (PROP Firm).mq4","C","GridMartingale","46","RSI","True","True","clean"
"IS Orange EA.mq4","C","GridMartingale","46","RSI","True","True","clean"
"IS Purple EA 1.1.mq4","C","GridMartingale","46","MA, RSI","True","True","clean"
"IS Purple EA 1.2.mq4","C","GridMartingale","46","MA, RSI","True","True","clean"
"IS Purple EA.mq4","C","GridMartingale","46","RSI","True","True","clean"
"IS Red EA 2.0.mq4","C","GridMartingale","46","RSI","True","True","clean"
"IS Red EA.mq4","C","GridMartingale","46","RSI","True","True","clean"
"IS SevenTrade EA 3.0.mq4","C","Unknown","31","RSI","True","False","clean"
"IS Smart Scalper 6.0.mq4","C","GridMartingale","31","MA, RSI","False","True","clean"
"IS VIP One EA.mq4","C","Unknown","37","MA, RSI","True","True","clean"
"IS White EA 2.0.mq4","C","GridMartingale","46","RSI","True","True","clean"
"IS White EA.mq4","C","GridMartingale","46","RSI","True","True","clean"
"IS Yellow EA 2.0.mq4","C","Scalping","38","MA, RSI","False","True","clean"
"IS Yellow EA.mq4","C","Scalping","38","MA, RSI","False","True","clean"
"iSwing v5.3.mq4","C","Unknown","10","","False","False","clean"
"i_TDI_MA_01.mq4","C","Scalping","36","MA, RSI","False","True","clean"
"JabrixScalperForInsta.mq4","C","Unknown","29","","True","False","partially_obfuscated"
"Jum+StoC+v2.3F~.mq4","C","GridMartingale","18","MA, Stochastic","True","True","obfuscated"
"Jum+StoCh luis.mq4","C","GridMartingale","15","Stochastic","True","True","obfuscated"
"Jum+StoCh+v2 (3).5F.mq4","C","GridMartingale","15","Stochastic","True","True","obfuscated"
"Jum+StoCh+v2.3F.mq4","C","GridMartingale","18","MA, Stochastic","True","True","obfuscated"
"Jum+StoCh+v2.5F.mq4","C","GridMartingale","15","Stochastic","True","True","obfuscated"
"JUMSTOCH_FIXEDLOT.mq4","C","GridMartingale","15","Stochastic","True","True","obfuscated"
"Life Changer EA.mq4","C","MeanReversal","33","RSI","False","True","clean"
"M-Golden Scalper.mq4","C","Scalping","29","RSI","False","False","clean"
"M-Sniper EA.mq4","C","GridMartingale","42","RSI","True","False","clean"
"MA-RSI-EA.mq4","C","Trend","35","MA, RSI","False","False","clean"
"MegaDroid~.mq4","C","GridMartingale","11","MA, RSI","False","True","obfuscated"
"me_SimpleTradingDashboard.mq4","C","Unknown","22","","False","True","clean"
"Mforex Magic EA.mq4","C","GridMartingale","43","RSI","True","False","clean"
"Mforex New Scalper.mq4","C","GridMartingale","46","RSI","True","True","clean"
"Mforex Smart Scalper 5.0.mq4","C","GridMartingale","38","MA, RSI","False","True","clean"
"mGRID EA.mq4","C","Trend","44","MA, Donchian","False","True","clean"
"Mi New Line 1.mq4","C","GridMartingale","43","RSI","True","False","clean"
"Mi New Line 2.mq4","C","GridMartingale","43","RSI","True","False","clean"
"MiEA 1.3.mq4","C","Unknown","31","RSI","True","False","clean"
"MiEA 2.3.mq4","C","GridMartingale","43","RSI","True","False","clean"
"MiEA 3.2.mq4","C","GridMartingale","43","RSI","True","False","clean"
"MiEA 4.4.mq4","C","GridMartingale","43","RSI","True","False","clean"
"MiEA 5.6.mq4","C","GridMartingale","43","RSI","True","False","clean"
"MiEA 6.3.mq4","C","GridMartingale","43","RSI","True","False","clean"
"MiEA 7.3.mq4","C","GridMartingale","43","RSI","True","False","clean"
"MiEA 8.2.mq4","C","Unknown","31","RSI","True","False","clean"
"MiEA 9 EA 2.0.mq4","C","Unknown","31","RSI","True","False","clean"
"Money Pile EA.mq4","C","GridMartingale","43","","True","True","clean"
"MS_1.mq4","C","GridMartingale","31","","False","True","clean"
"MS_2.mq4","C","GridMartingale","31","","False","True","clean"
"MS_4.mq4","C","GridMartingale","31","","False","True","clean"
"MS_5.mq4","C","GridMartingale","31","","False","True","clean"
"MT4 Elliot Wave.mq4","C","Unknown","19","","False","True","clean"
"Multi purpose trade manager.mq4","C","MeanReversal","44","RSI","True","True","clean"
"MultiBreakOut_v5.mq4","C","MeanReversal","44","RSI","True","True","clean"
"MultiHedge V1.1.mq4","C","MeanReversal","33","RSI","False","False","clean"
"Multilot-ASCTRend.mq4","C","Unknown","14","","False","False","clean"
"Multilot.mq4","C","Breakout","26","Fractals","False","False","clean"
"MultiPairWPR.mq4","C","MeanReversal","47","RSI","True","True","clean"
"multipositionexpert_v11.11.mq4","C","Unknown","22","","False","True","clean"
"my.mq4","C","Scalping","46","","True","True","clean"
"My4xScalper_GOLD~.mq4","C","Scalping","19","","True","True","obfuscated"
"MyFirstEA.mq4","C","Trend","46","MA, RSI","True","False","clean"
"MyFriend.mq4","C","Scalping","46","Pivot","True","True","clean"
"myMACD4ver2.mq4","C","Trend","47","MA, MACD, RSI","False","True","clean"
"MyNewsTrading_EA.mq4","C","Breakout","45","","True","True","clean"
"MyProject.mq4","C","Breakout","47","","True","True","clean"
"my_pyr.mq4","C","Breakout","47","","True","True","clean"
"NAS KILLER_PRO_EA 3.0.mq4","C","Unknown","10","","False","False","clean"
"Neuro-MartingailExpertStochastic_v3.mq4","C","GridMartingale","42","Stochastic","True","True","clean"
"Nevalyashka_BreakdownLevel.mq4","C","GridMartingale","42","","True","True","clean"
"Newest Universal 10.mq4","C","Trend","26","MA","True","True","obfuscated"
"Newesta 4.2.mq4","C","MeanReversal","46","RSI","True","True","clean"
"NEWEXPERT-NN.mq4","C","Scalping","38","MA","False","True","clean"
"NewM2H.mq4","C","GridMartingale","42","","True","True","clean"
"News On Mt4.mq4","C","Trend","34","MA","False","True","clean"
"News_AmazingEA_1.0.5.mq4","C","Scalping","40","RSI","False","True","clean"
"Night Grid FZ.mq4","C","GridMartingale","45","","True","True","clean"
"Nikra EA.mq4","C","Unknown","24","","False","True","clean"
"NinaEA v.02.mq4","C","Trend","45","MA","True","False","clean"
"NinaEA v03.mq4","C","Trend","45","MA","True","False","clean"
"NinaEAtest.mq4","C","Trend","45","MA","True","False","clean"
"NinjaForex_Versi AI unlimited fix.mq4","C","Scalping","43","MA, RSI","True","False","partially_obfuscated"
"NinjaForex_Versi AI unlimited.mq4","C","Scalping","25","MA, RSI","True","False","obfuscated"
"No_Nonsense_ATR.mq4","C","MeanReversal","44","RSI","True","True","clean"
"NRTR_EXP.mq4","C","Breakout","26","","False","False","clean"
"Nuclear Option script.mq4","C","Unknown","22","","False","True","clean"
"O2.mq4","C","MeanReversal","36","CCI","False","True","clean"
"OBOS Divergence_FXTS_FastMod.mq4","C","GridMartingale","42","MA, RSI, Donchian","True","True","clean"
"OBOS_Divergence(Bullforyou.com).mq4","C","GridMartingale","43","MA, RSI, Donchian","True","True","clean"
"OGT Zone Recovery EA v1.5.mq4","C","GridMartingale","35","RSI","False","True","clean"
"OM_2WAY_v3.6.mq4","C","GridMartingale","38","","False","True","clean"
"once per bar expert.mq4","C","Trend","45","MA","True","True","clean"
"OndaFX-EDU.mq4","C","Trend","25","MA","True","True","obfuscated"
"ORIGINAL88.mq4","C","Unknown","10","","False","False","clean"
"OU Forex Mastery Market Scanner.mq4","C","Scalping","40","MA, RSI, Donchian","False","True","clean"
"OverHedge.mq4","C","GridMartingale","33","MA","False","True","clean"
"OverHedgeV2.mq4","C","GridMartingale","36","MA","False","True","clean"
"Overhedgev2_www_forex-instruments_info.mq4","C","GridMartingale","36","MA","False","True","clean"
"Overlay Positive Hedging v1a_.mq4","C","Trend","37","MA","False","True","clean"
"Pair High Return(R3-07).mq4","C","MeanReversal","24","RSI","True","True","obfuscated"
"PairTrader_Exp v41.mq4","C","Scalping","44","","True","False","clean"
"Palmuz.mq4","C","GridMartingale","32","MA","False","True","clean"
"parabolic_2_screen.mq4","C","Trend","45","MA","True","True","clean"
"parabolic_DMI.mq4","C","Trend","45","ADX","True","True","clean"
"parabolic_DMI2.mq4","C","Trend","45","ADX","True","True","clean"
"ParaSwing_EA~eurusd m15.mq4","C","MeanReversal","31","Stochastic","False","False","clean"
"Pauls MACD EA checks re-entry and high TF.mq4","C","Trend","43","MA, MACD","True","True","clean"
"paul_maloma.mq4","C","Breakout","45","","True","True","clean"
"PCS-01.mq4","C","Unknown","35","Donchian","True","True","clean"
"PCS-02.mq4","C","Trend","47","MA, Donchian","True","True","clean"
"Pending Breakout.mq4","C","Scalping","42","","False","True","clean"
"pending martingale 1.mq4","C","Unknown","10","","False","False","clean"
"Pending Orders.mq4","C","Breakout","29","","False","False","clean"
"perevorot.mq4","C","Unknown","30","","True","True","clean"
"PFP v3-2.mq4","C","Trend","36","MA, Pivot","False","True","clean"
"PIIP-3.mq4","C","Unknown","30","","True","True","clean"
"PIIP.mq4","C","Breakout","42","","True","True","clean"
"Pioner_v2.mq4","C","GridMartingale","44","","True","True","clean"
"Pioner_v4.mq4","C","GridMartingale","44","","True","True","clean"
"Pioner_v7.mq4","C","GridMartingale","44","","True","True","clean"
"pio_pyr.mq4","C","Unknown","14","","False","False","clean"
"pipschart_revamp_v3P.mq4","C","Trend","40","MA, RSI","False","True","clean"
"Pipsover.mq4","C","Trend","45","MA","True","True","clean"
"Pips_Miner_SE.mq4","C","MeanReversal","37","RSI","False","True","clean"
"Precis EA 2.0.mq4","C","Unknown","31","RSI","True","False","clean"
"Precis EA.mq4","C","Unknown","31","RSI","True","False","clean"
"Price Action Scalping.mq4","C","Scalping","24","RSI","True","True","obfuscated"
"PullBack_V1a.mq4","C","MeanReversal","44","RSI","True","True","clean"
"Pyramid_Pro_v.8.01MA_edu.mq4","C","GridMartingale","34","","True","True","partially_obfuscated"
"Quasimodo ea.mq4","C","Trend","42","MA","False","False","clean"
"QUASMOD 2 EA.mq4","C","Trend","42","MA","False","False","clean"
"renkolivechart_v600_indi.mq4","C","MeanReversal","28","RSI","False","False","clean"
"renko_hunter.mq4","C","Breakout","45","","True","True","clean"
"RndTrade.mq4","C","Unknown","17","","False","False","clean"
"Robot 2050_ LONG.mq4","C","Scalping","46","","False","True","clean"
"Robot Forex 2015 Profesional.mq4","C","Scalping","46","","False","True","clean"
"Robot2050_ Short.mq4","C","Scalping","46","","False","True","clean"
"rocco3.mq4","C","Unknown","10","","False","False","clean"
"rotating_text.mq4","C","Unknown","19","","False","True","clean"
"RPM5_MT4V1_[ea].mq4","C","Unknown","0","","False","False","unknown"
"RPT-bad.mq4","C","Unknown","25","","True","False","clean"
"RPT.mq4","C","Unknown","28","","True","False","clean"
"RPT_AUD.mq4","C","Unknown","24","","True","False","clean"
"RPT_AUD_TAKE.mq4","C","Unknown","24","","True","False","clean"
"RPT_EUR.mq4","C","Unknown","24","","True","False","clean"
"RSI CROSS.mq4","C","MeanReversal","28","RSI","False","False","clean"
"RSI trader v0.10.mq4","C","Scalping","37","MA, RSI","False","False","clean"
"RSI_BollingerBands.mq4","C","MeanReversal","47","RSI, Stochastic","True","True","clean"
"RSI_trader_v0[1].10.mq4","C","Unknown","0","","False","False","unknown"
"RSI_Tradexperts.mq4","C","GridMartingale","46","RSI","True","True","clean"
"RUBBERBANDS_1_6.mq4","C","MeanReversal","47","RSI","True","True","clean"
"RUSSIAN BEAR High Frequency Trading HFT 2018 .mq4","C","Unknown","38","","True","True","clean"
"russian20-HP.mq4","C","Scalping","36","MA","False","True","clean"
"russian20-HP1.mq4","C","Scalping","36","MA","False","True","clean"
"russian20_HP.mq4","C","Scalping","36","MA","False","True","clean"
"S-R.1.mq4","C","Breakout","47","","True","True","clean"
"Scalp-M PRO 2.0.mq4","C","GridMartingale","44","RSI","True","False","clean"
"SCALPANDO marti pro for cent acc m15.mq4","C","GridMartingale","30","RSI","True","True","obfuscated"
"Scalper Cash Maker EA.mq4","C","Scalping","29","RSI","False","False","clean"
"Scalper_FX.mq4","C","Scalping","19","RSI","True","False","obfuscated"
"Sell 20-40TP l 25 griglia l 10 ordini.mq4","C","MeanReversal","46","RSI","True","True","clean"
"Sell Stop Buy Stop.mq4","C","Scalping","44","RSI","False","False","clean"
"sell&buy.mq4","C","Unknown","14","","False","False","clean"
"sellbuy-mod.mq4","C","Scalping","40","","True","False","clean"
"sendKeybd.mq4","C","MeanReversal","31","RSI","False","False","clean"
"Send_Pending_Order.mq4","C","Breakout","44","","True","True","clean"
"sereganlp2008.mq4","C","Trend","45","MA, Pivot","True","True","clean"
"Serg153 Martingail.mq4","C","GridMartingale","37","","True","True","clean"
"serg_martini2.mq4","C","Unknown","22","","False","True","clean"
"Servant Avg+++..mq4","C","GridMartingale","46","RSI","True","True","clean"
"Set TP (Price).mq4","C","MeanReversal","47","RSI, CCI","True","True","clean"
"Setka Limit Loc v4.2.mq4","C","Scalping","35","","False","True","clean"
"SetPendingGridLimit.mq4","C","Breakout","47","","True","True","clean"
"SevenFx 7a.mq4","C","Unknown","13","","False","True","partially_obfuscated"
"SevenTrade EA 2.0.mq4","C","Unknown","31","RSI","True","False","clean"
"Shafina v1.mq4","C","Scalping","32","MA","True","True","obfuscated"
"Shafina v2.mq4","C","Scalping","32","MA","True","True","obfuscated"
"SHE_AntiBaluev_Pro.mq4","C","Unknown","37","","True","True","clean"
"SHE_kanskigor.mq4","C","Unknown","19","","False","False","clean"
"ShockBar 1.2.mq4","C","GridMartingale","44","","True","True","clean"
"ShockBar1.2.mq4","C","GridMartingale","44","","True","True","clean"
"Shurgin_Collector.mq4","C","Unknown","16","","False","False","clean"
"siimple.mq4","C","Unknown","35","","True","True","clean"
"Simple Expert Advisor with Functions.mq4","C","Trend","47","MA","True","True","clean"
"SimplePivot.mq4","C","Unknown","22","Pivot","False","True","clean"
"SimplyOpen.mq4","C","MeanReversal","42","RSI, Fractals","True","False","clean"
"SistemaEA_ByFreddy_mod1.mq4","C","GridMartingale","44","","True","True","clean"
"SistemaEA_ByFreddy_Trans_v3.mq4","C","GridMartingale","43","RSI","True","True","clean"
"SistemaEA_ByFreddy~.mq4","C","GridMartingale","46","RSI","True","True","clean"
"Six Study EA.mq4","C","MeanReversal","36","RSI","False","False","clean"
"sixtysecound ea.mq4","C","Unknown","10","","False","False","clean"
"SKIV_Trader.mq4","C","Scalping","45","","True","True","clean"
"SkyUp EA.mq4","C","Scalping","34","RSI","False","False","clean"
"SL-TP_move-by-Mouse.mq4","C","Unknown","33","","True","True","clean"
"Slave-yang nyontek~.mq4","C","Scalping","23","","True","True","obfuscated"
"SLR_alpari.mq4","C","Trend","32","MA","False","False","clean"
"SLR_BIF.mq4","C","Trend","32","MA","False","False","clean"
"SLR_Lite.mq4","C","Trend","32","MA","False","False","clean"
"SLR_Test.mq4","C","Trend","32","MA","False","False","clean"
"sltp-currency.mq4","C","Unknown","30","","True","True","clean"
"smart s.mq4","C","MeanReversal","33","RSI","False","True","clean"
"Smart Scalping EU M1.mq4","C","Scalping","39","","False","True","clean"
"Smart_Algoritm_Kod.mq4","C","Trend","28","MA","False","True","partially_obfuscated"
"SMA_MultiHdege2.mq4","C","Trend","33","MA","False","False","clean"
"SMC eur usd(26AUG05).mq4","C","Trend","43","MA, MACD, RSI","False","True","clean"
"SMC eur usd1(26AUG05).mq4","C","Trend","43","MA, MACD, RSI","False","True","clean"
"SMC eur usd1.mq4","C","Trend","43","MA, MACD, RSI","False","True","clean"
"SMC eur usd2.mq4","C","Trend","43","MA, MACD, RSI","False","True","clean"
"SMC Trader Camel CCI MACD.mq4","C","Trend","43","MA, MACD, CCI","False","True","clean"
"SMC Trader Kurt.mq4","C","Trend","43","MA, MACD, RSI","False","True","clean"
"SMC Trader Kurt1.mq4","C","Trend","43","MA, MACD, RSI","False","True","clean"
"SMC Trader Kurt2.mq4","C","Trend","43","MA, MACD, RSI","False","True","clean"
"SMC Trader MACD v1.0.mq4","C","Trend","41","MA, MACD","False","True","clean"
"SMC Trader Manual.mq4","C","Scalping","35","","False","True","clean"
"SMC Trader Skeleton v2(07SEP05).mq4","C","Scalping","46","","True","True","clean"
"SMC Trader TriggerLines V2.1.mq4","C","Scalping","38","MA","False","True","clean"
"SMC.mq4","C","Scalping","35","","False","True","clean"
"SMC2.mq4","C","Scalping","35","","False","True","clean"
"SMC3.mq4","C","Scalping","35","","False","True","clean"
"SMC_Trader_TriggerLines_V2.mq4","C","Scalping","38","MA","False","True","clean"
"sqDynamicBreakoutBox_v1 600+.mq4","C","Trend","39","MA, RSI","False","True","clean"
"Stoch.mq4","C","Scalping","46","","True","True","clean"
"Sure Hedging pipschart.mq4","C","GridMartingale","39","","True","True","clean"
"SureForexHedging_2.mq4","C","GridMartingale","39","","True","True","clean"
"SyDiv_v0.1.mq4","C","Scalping","44","RSI","False","False","clean"
"TDI Red Green Tape.mq4","C","Scalping","31","MA, RSI","False","False","clean"
"TDI Red Green_alerts_mtf 2.02 alert.mq4","C","Scalping","31","MA, RSI","False","False","clean"
"TDI.mq4","C","Scalping","31","MA, RSI","False","False","clean"
"Teodosi_EA.mq4","C","MeanReversal","38","RSI","False","True","clean"
"TimeBasedEA.mq4","C","Trend","47","MA","True","True","clean"
"TITUS OB Indicator.mq4","C","Trend","29","MA","False","False","clean"
"Trade City D1 MA 5 EA.mq4","C","Unknown","10","","False","False","clean"
"traders-dynamic-index.mq4","C","Scalping","31","MA, RSI","False","False","clean"
"Trading profit protect_ea.mq4","C","Scalping","30","","False","False","clean"
"traide-advisor.mq4","C","MeanReversal","46","RSI","True","True","clean"
"Trailing Stop v_tdavid.mq4","C","Scalping","38","","False","True","clean"
"TrailingStopCmillion_v1.mq4","C","Scalping","46","Fractals","True","True","clean"
"TrailingStopFrCnSAR.mq4","C","Scalping","46","Fractals","True","True","clean"
"TralingStop_v3.mq4","C","Breakout","37","","True","False","clean"
"TralPendOrder.mq4","C","Breakout","42","","True","True","clean"
"Transfer2Fractal.mq4","C","Unknown","32","Fractals","True","True","clean"
"Transformer_EA_V(3).mq4","C","GridMartingale","31","RSI","True","True","obfuscated"
"TrendCapture.mq4","C","Trend","45","ADX","True","True","clean"
"Trendline Trader.mq4","C","Trend","47","MA, Donchian","True","True","clean"
"Trendline.Trader.mq4","C","Trend","47","MA","True","True","clean"
"TrendMeLeaveMe.mq4","C","Breakout","45","","True","True","clean"
"TRIANGULAR PRICE CORRECTION.mq4","C","Trend","43","MA","False","True","clean"
"TriangularArbitrage.mq4","C","Trend","37","MA","False","True","clean"
"Trio Orchestra v1.0.mq4","C","GridMartingale","24","","True","True","obfuscated"
"TrioDancer_4.4.5.mq4","C","GridMartingale","43","","True","False","partially_obfuscated"
"TSR.mq4","C","GridMartingale","15","Stochastic","True","True","obfuscated"
"Ultimate Trader Behind The Charts Cracked MQL4.mq4","C","Unknown","10","","False","False","clean"
"Universal EA 2.0.mq4","C","Scalping","34","RSI","False","False","clean"
"Universal EA.mq4","C","Scalping","34","RSI","False","False","clean"
"UnNomGuaiV1.132.mq4","C","MeanReversal","38","MA, RSI, CCI","False","False","clean"
"Vangus EA.mq4","C","GridMartingale","43","RSI","True","False","clean"
"VapzFX PRO MQ4.mq4","C","Scalping","26","MA","True","True","obfuscated"
"VR SETKA A.mq4","C","GridMartingale","28","RSI","False","True","clean"
"waygrow_edu EA.mq4","C","Unknown","10","","True","True","obfuscated"
"XAU M V2.5 SC.mq4","C","GridMartingale","32","RSI, Donchian","True","True","obfuscated"
"ZEAdor.mq4","C","Unknown","11","","True","True","obfuscated"
"ZScore Diff 3 pairs EA_011.mq4","C","Trend","38","MA, RSI","False","True","clean"
"Zupp.mq4","C","Unknown","14","","False","False","clean"
"ZUPp148.mq4","C","Unknown","14","","False","False","clean"
"ZUPpush notif_148 v7.mq4","C","Unknown","14","","False","False","clean"
"zupp_148.mq4","C","Unknown","14","","False","False","clean"
"ZUP_v63.mq4","C","Unknown","14","Fractals","False","False","clean"
